author	year	title	publication_place	publisher	bibnumber	journal	volume	pages	notes	original_index_reference
Abbott, J.N.	1850			1	Cl. Mus.	7	309-11		Abbott, J.N., Cl. Mus. 7, 1850, 309-11.
Abresch, F.L.	1743	Animadversionum ad Aeschylum libri duo	Medioburgi		1			(Prom. Sept. Pers. Ag. Cho.)	Abresch, F.L., Animadversionum ad Aeschylum libri duo, Medioburgi 1743 (Prom. Sept. Pers. Ag. Cho.);
Abresch, F.L.	1763	liber tertius	Zwollae		2			(Eum. Supp.)	--—--— liber tertius, Zwollae 1763 (Eum. Supp.).
Ahrens, E.A.J.	1842	Aeschyli tragoediae septem et perditarum fragmenta	Paris.		1				Ahrens, E.A.J., Aeschyli tragoediae septem et perditarum fragmenta, Paris. 1842.
Ahrens, (H.L.,)	1832	De causis quibusdam Aeschyli nondum satis emendati commentatio	Gott.		1			Progr.	"De causis quibusdam Aeschyli nondum satis emendati commentatio, Gott. Progr. 1832;
Ahrens, (H.L.,)	1841			2	Diar. Hal.	1	543 sqq.		*Diar. Hal. 1, 1841, 543 sqq.;
Ahrens, (H.L.,)	1839 (I), 1843 (II)	De Graecae linguae dialectis	Lips.		3				*De Graecae linguae dialectis, Lips. 1839 (I), 1843 (II);
Ahrens, (H.L.,)	1843			4	Rh. M.	n.s. 2	300-3		“Rh. M. n.s. 2, 1843, 300-3;
Ahrens, (H.L.,)	1845			5	Rh. M.	3	296-300		Rh. M. 3, 1845, 296-300;
Ahrens, (H.L.,)	1845	De crasi et aphaeresi	Stolberg		6			(= KI. Schr. I, Hannover 1891, 52-84)	°De crasi et aphaeresi, Stolberg 1845 (= KI. Schr. I, Hannover 1891, 52-84);
Ahrens, (H.L.,)	1846			7			ap. Franz (1846)	"ap. Franz (1846);
Ahrens, (H.L.,)	1860			8	Philol. Suppl.	1	213-304, 477-534, 535-640		*Philol. Suppl. 1, 1860, 213-304, 477-534, 535-640.
Anonymi	(saec. xvi/xvii in.)	emendationes in eisdem exemplaribus servatae ubi Aurati Portique lectiones		1			(cf. p. XXIII)	'emendationes (saec. xvi/xvii in.) in eisdem exemplaribus servatae ubi Aurati Portique lectiones (cf. p. XXIII);
Anonymi		aliae quae non nisi in exemplari Bibl. Britann. 11705 d.2 exstant		2			(cf. p. XXIV)	2aliae quae non nisi in exemplari Bibl. Britann. 11705 d.2 exstant (cf. p. XXIV);
Anonymi		aliae in exemplari Cantabr. Bibl. Univ. Adv. d.25.1		3			(cf. p. XXIV)	%aliae in exemplari Cantabr. Bibl. Univ. Adv. d.25.1 (cf. p. XXIV);
Anonymi				4			ap. Spanheim?	*ap. Spanheim?;
Anonymi	1812			5	SCJ	6	344		SCJ 6, 1812, 344;
Anonymi	1813			6	CJ	7	454	ap. ‘V.L.’	‘ap. ‘V.L.’, CJ 7, 1813, 454;
Anonymi	1813			7	Ephem. Jen.		212	(sec. Wellauer; non inveni)	"Ephem. Jen. 1813, 212 (sec. Wellauer; non inveni);
Anonymi	1817			8	Allgem. Lit.-Ztg.		59		*Allgem. Lit.-Ztg. 1817, 59.
D’Arnaud (Arnaldus), G.	1728	Specimen animadversionum criticarum ad aliquos scriptores Graecos	Harlingae		1			(Amstelaedami 1730)	D’Arnaud (Arnaldus), G., Specimen animadversionum criticarum ad aliquos scriptores Graecos, Harlingae 1728 (Amstelaedami 1730).
Arsenius Monembasites (Aristobulus Apostolides)	ca. 1518-21			1			scriba codicis Par. Gr. 2886 (Me/Si)	Arsenius Monembasites (Aristobulus Apostolides), scriba codicis Par. Gr. 2886 (Me/Si), ca. 1518-21.
Askew, A.	1746	Novae editionis tragoediarum Aeschyli specimen	Lugd. Bat.		1				‘Novae editionis tragoediarum Aeschyli specimen, Lugd. Bat. 1746;
Askew, A.		marginalia in exempl. ed. Pauw.		2			Cantabr. Bibl. Univ. Adv. b.51.1-2.	*marginalia in exempl. ed. Pauw., Cantabr. Bibl. Univ. Adv. b.51.1-2.
Asulanus, F.	1518	Aeschyli Tragoediae sex	Venetiis	in aedibus Aldi	1				Asulanus, F., Aeschyli Tragoediae sex, Venetiis in aedibus Aldi 1518.
Auratus, J. (1508-88)	1548	Aeschyli poetae Prometheus	Paris.		1				‘Aeschyli poetae Prometheus, Paris. 1548;
Auratus, J. (1508-88)				2			ap. Canter’	*ap. Canter’;
Auratus, J. (1508-88)				3			coniecturae ab aliis Aurato tributae (v. pp. XXIIIsq.)	3coniecturae ab aliis Aurato tributae (v. pp. XXIIIsq.)
Badham, C.	1851	Eur. Iph. T. et Helena	Lond.		1				‘Eur. Iph. T. et Helena, Lond. 1851;
Badham, C.	1865	Plat. Euthyd. et Laches	Lond.		2		vi—xi		?Plat. Euthyd. et Laches, Lond. 1865, vi—xi.
von Bamberg, E.H.A.				1			locum non inveni.	von Bamberg, E.H.A.: locum non inveni.
Bamberger, F.	1835	De Aesch. Agam. commentatio	Braunschweig		1			Progr. (= Opuscula philol., Lips. 1856, 37-58)	Bamberger, F., De Aesch. Agam. commentatio, Progr. Braunschweig 1835 (= Opuscula philol., Lips. 1856, 37-58);
Bamberger, F.	1836			2	ZA	3	561-7	(= Opusc. 58-66)	ZA 3, 1836, 561-7 (= Opusc. 58-66);
Bamberger, F.	1839			3	ZA	6	878-85	(= Opusc. 107-13)	*ZA 6, 1839, 878-85 (= Opusc. 107-13);
Bamberger, F.	1840	Aeschylus. Choephori	Gottingae		4				*Aeschylus. Choephori, Gottingae 1840;
Bamberger, F.	1841	Conjectaneorum in poetas graecos capita duo	Braunschw.		5			Progr. (= Opusc. 148-65)	*‘Conjectaneorum in poetas graecos capita duo, Progr. Braunschw. 1841 (= Opusc. 148-65);
Bamberger, F.	1842			6	ZA	9	693-712	(= Opusc. 113-35)	°ZA 9, 1842, 693-712 (= Opusc. 113-35).
Barnett, L.D.	1901	Aeschylus. The Eumenides	Lond.		1				Barnett, L.D., Aeschylus. The Eumenides, Lond. 1901.
Barrett, W.S.				1			privatim.	Barrett, W.S., privatim.
Beazley, J.D.				1			ap. Fraenkel’.	Beazley, J.D., ap. Fraenkel’.
Bentley, R.	1691	Io. Antiocheni historia chronica. Accedit R.B. epist. ad Io. Millium S. T.P.	Oxon.		1			(Opusc. philol., Lips. 1781)	*lo. Antiocheni historia chronica. Accedit R.B. epist. ad Io. Millium S. T.P., Oxon. 1691 (Opusc. philol., Lips. 1781);
Bentley, R.	1697	A Dissertation upon the Epistles of Phalaris	Lond.		2			(Opusc.)	2A Dissertation upon the Epistles of Phalaris, Lond. 1697 (Opusc.);
Bentley, R.		marginalia in exempl. ed. Canter.		3			Cantabr. Bibl. Univ. Ady. e.52.1.	*marginalia in exempl. ed. Canter., Cantabr. Bibl. Univ. Ady. e.52.1.
Bergk, T.	1835			1	ZA	2	315-6		*ZA 2, 1835, 315-6;
Bergk, T.	1857	Commentatio de cantico Supplicum Aeschyli	Freib.		2			Progr. (non vidi)	*Commentatio de cantico Supplicum Aeschyli, Progr. Freib. 1857 (non vidi);
Bergk, T.	1859			3	Philol.	14	180-1	(= KI]. phil. Schr. H, Halle 1886, 730)	*Philol. 14, 1859, 180-1 (= KI]. phil. Schr. H, Halle 1886, 730);
Bergk, T.	1859	Tragicorum graec. aliquot vv. depravati ad suos numeros revocantur	Halle		4			Progr. (non vidi)	*Tragicorum graec. aliquot vv. depravati ad suos numeros revocantur, Progr. Halle 1859 (non vidi);
Bergk, T.	1860			5	Philol.	15	546-50		*Philol. 15, 1860, 546-50;
Bergk, T.	1860			6	Philol.	16	604—16		‘ib. 16, 1860, 604—16;
Bergk, T.	1870			7	Philol.	30	677	(= KI. phil. Schr. 11 752)	7ib. 30, 1870, 677 (= KI. phil. Schr. 11 752);
Bergk, T.	1873			8	Philol.	32	563-4	(= KI. phil. Schr. II 757)	*ib. 32, 1873, 563-4 (= KI. phil. Schr. II 757);
Bergk, T.	1884	Griech. Literaturgeschichte III	Berlin		9		302-5		°Griech. Literaturgeschichte III (Berlin 1884), 302-5.
Bethe, E.	1896	Prolegomena zur Geschichte des Theaters im Altertum	Leipzig		1				Bethe, E., Prolegomena zur Geschichte des Theaters im Altertum, Leipzig 1896.
Bjérck, G.	1950	Das Alpha impurum und die tragische Kunstsprache	Uppsalae		1				Bjérck, G., Das Alpha impurum und die tragische Kunstsprache, Uppsalae 1950.
Blass, F.W.	1874			1	Rh.M.	29	481-4		*Rh.M. 29, 1874, 481-4;
Blass, F.W.	1890	(R. Kiihner) Ausfiihrl. Gramm. d. griech. Sprache, 3. Aufl.	Hannover		2				2(R. Kiihner) Ausfiihrl. Gramm. d. griech. Sprache, 3. Aufl., Hannover 1890;
Blass, F.W.	1894			3	Hermes	29	633-4		7Hermes 29, 1894, 633-4;
Blass, F.W.	1897			4	Hermes	32	149-59		*ib. 32, 1897, 149-59;
Blass, F.W.	1898			5	Hermes	33	179-82		Sib. 33, 1898, 179-82;
Blass, F.W.	1905			6	Hermathena	13	269-88		*Hermathena 13, 1905, 269-88;
Blass, F.W.	1905			7	Mélanges Nicole		11-22		7Mélanges Nicole, Genéve 1905, 11-22;
Blass, F.W.	1906	Aeschylos’ Choephoren	Halle		8				*Aeschylos’ Choephoren, Halle 1906;
Blass, F.W.	1907	Die Eumeniden des Aeschylos	Berlin		9				*Die Eumeniden des Aeschylos, Berlin 1907.
Blaydes, F.H.M.	1859	Sophocles vol. 1	Lond.		1				‘Sophocles vol. 1, Lond. 1859;
Blaydes, F.H.M.	1896	Adversaria in Aesch.	Halle		2				*Adversaria in Aesch., Halle 1896;
Blaydes, F.H.M.	1898	Adversaria in varios poetas Gr. et Lat.	Halle		3				*Adversaria in varios poetas Gr. et Lat., Halle 1898;
Blaydes, F.H.M.	1898	Aesch. Agam.	Halle		4				*Aesch. Agam., Halle 1898;
Blaydes, F.H.M.	1899	Aesch. Choephoroe	Halle		5				‘Aesch. Choephoroe, Halle 1899;
Blaydes, F.H.M.	1900	Aesch. Eumenides	Halle		6				Aesch. Eumenides, Halle 1900;
Blaydes, F.H.M.	1902	Spicilegium tragicum	Halle		7				*Spicilegium tragicum, Halle 1902;
Blaydes, F.H.M.	1906	Analecta tragica graeca	Halle		8				*Analecta tragica graeca, Halle 1906.
Blomfield, C.J.	1810	Aesch. P. V. ed. 1	Cantabr.		1				tAesch. P. V. ed. 1, Cantabr. 1810;
Blomfield, C.J.	1811			2	Edinburgh Review	18	152-85		*Edinburgh Review 18, 1811, 152-85;
Blomfield, C.J.	1811/12			3	Edinburgh Review	19	477-508		ib. 19, 1811/12, 477-508;
Blomfield, C.J.	1812	Aesch. S.c. Th. ed. 1	Cantabr.		4				‘Aesch. S.c. Th. ed. 1, Cantabr. 1812;
Blomfield, C.J.	1812	P. V. ed. 2			5				SP. V. ed. 2, 1812;
Blomfield, C.J.	1814	Aesch. Pers. ed. 1	Cantabr.		6				‘Aesch. Pers. ed. 1, Cantabr. 1814;
Blomfield, C.J.	1814	Aesch. Choeph. ed. 1	Cantabr.		7				’Aesch. Choeph. ed. 1, Cantabr. 1814;
Blomfield, C.J.	1815	Callimachi quae servantur	Lond.		8				*Callimachi quae servantur, Lond. 1815;
Blomfield, C.J.	1818	Pers. ed. 2			9				°Pers. ed. 2, 1818;
Blomfield, C.J.	1818	Aesch. Agam. ed. 1	Cantabr.		10				*Aesch. Agam. ed. 1, Cantabr. 1818;
Blomfield, C.J.	1819	P.V. ed. 3			11				“P.V. ed. 3, 1819;
Blomfield, C.J.	1822	Agam. ed. 2			12				” Agam. ed. 2, 1822;
Blomfield, C.J.	1824	Choeph. ed. 2	Lips.		13				'8Choeph. ed. 2, Lips. 1824;
Blomfield, C.J.	1830	Pers. ed. 4	Lond.		14				“Pers. ed. 4, Lond. 1830;
Blomfield, C.J.				15			ap. Linwood?	ap. Linwood?.
Boeckh, A.	1827			1	Ind. lect. Berol. aestiv.		12	(= Gesammelte KI]. Schr., Leipzig 1874, IV 264)	Boeckh, A., Ind. lect. Berol. aestiv. 1827, 12 (= Gesammelte KI]. Schr., Leipzig 1874, IV 264).
Boissonade, J.F.	1825	Aeschylus (Poetarum Graec. Sylloge XII-XII)	Paris.		1				Boissonade, J.F., Aeschylus (Poetarum Graec. Sylloge XII-XII), Paris. 1825.
Bothe, F.H.	1805	Aeschyli dramata quae supersunt et deperditorum fragmenta	Lips.		1				‘Aeschyli dramata quae supersunt et deperditorum fragmenta, Lips. 1805;
Bothe, F.H.	1831	Aeschyli tragoediae (Poetae Scenici Graec. XI-XII)	Lips.		2				*Aeschyli tragoediae (Poetae Scenici Graec. XI-XII), Lips. 1831.
Bourdelot, J. (obiit 1638)		marginalia in exemplari		1			Lugd. Bat. Bibl. Univ. 756 D 23 (cf. p. XXIII).	Bourdelot, J. (obiit 1638), marginalia in exemplari Lugd. Bat. Bibl. Univ. 756 D 23 (cf. p. XXIII).
Bredow, G.G.	1797			1	Genius der Zeit	Jun.	195 sqq.		Bredow, G.G., Genius der Zeit, Jun. 1797, 195 sqq.
Briggs, T.	1811			1	CJ	3	76-8		Briggs, T., CJ 3, 1811, 76-8.
Broadhead, H.D.	1948			1	CQ	42	1-6		*CQ 42, 1948, 1-6;
Broadhead, H.D.	1959			2	CQ	9	310-6		*CQ 9, 1959, 310-6;
Broadhead, H.D.	1960	Aeschylus. The Persae	Cambridge		3				Aeschylus. The Persae, Cambridge 1960.
Brown, A.L.	1976			1	Eranos	74	6-21		‘Eranos 74, 1976, 6-21;
Brown, A.L.	1976			2	CQ	26	206-19		*CQ 26, 1976, 206-19;
Brown, A.L.	1982			3	JHS	102	26-32		3JHS 102, 1982, 26-32;
Brown, A.L.	1983			4	JHS	103	13-34		*ib. 103, 1983, 13-34;
Brown, A.L.	1984			5	CQ	34	272-5		°CQ 34, 1984, 272-5;
Brown, A.L.				6			ap. Hutchinson?	‘ap. Hutchinson?.
Brunck, R.F.P.	1779	Aesch. tragoediae Prom., Pers. et Septem ad Thebas, Soph. Antigone, Eur. Medea	Argentorati		1				*Aesch. tragoediae Prom., Pers. et Septem ad Thebas, Soph. Antigone, Eur. Medea, Argentorati 1779;
Brunck, R.F.P.	1781-3	Aristophanis Comoediae	ib.		2			(ad Ran. 1042)	2Aristophanis Comoediae, ib. 1781-3 (ad Ran. 1042).
Biicheler, F.	1877			1	Rh. M.	32	312-8	(= KI. Schr. I, Leipzig 1927, 199-205)	‘Rh. M. 32, 1877, 312-8 (= KI. Schr. I, Leipzig 1927, 199-205);
Biicheler, F.	1886			2	Rh. M.	41	1-12	(= KI. Schr. IIE, 1930, 82-93)	*ib. 41, 1886, 1-12 (= KI. Schr. IIE, 1930, 82-93);
Biicheler, F.	1893			3	Rh. M.	48	84-90	(= KI. Schr. III 212-7)	ib. 48, 1893, 84-90 (= KI. Schr. III 212-7),
Burgard, M.	1861	Quaestiones grammaticae Aeschyleae pars I	Bratisl.		1			Diss.	Burgard, M., Quaestiones grammaticae Aeschyleae pars I, Diss. Bratisl. 1861.
Burgersdijk, L.A.J.	1896			1	Mnem.	24	134-58		Burgersdijk, L.A.J., Mnem. 24, 1896, 134-58.
Burges, G.	1807	Eur. Troades	Cantabr.		1				‘Eur. Troades, Cantabr. 1807;
Burges, G.	1810			2	CJ	1	16-36		2CJ 1, 1810, 16-36;
Burges, G.	1810			3	CJ	2	801-8		ib. 2, 1810, 801-8;
Burges, G.	1811			4	CJ	3	183-93. 414-22		*ib. 3, 1811, 183-93. 414-22;
Burges, G.	1811			5	CJ	4	459-65		Sib. 4, 1811, 459-65;
Burges, G.	1812			6	CJ	5	19-23		Sib. 5, 1812, 19-23;
Burges, G.	1815			7	CJ	12	344-52		7ib. 12, 1815, 344-52;
Burges, G.	1821	Aeschyli Supplices	Lond.		8				*Aeschyli Supplices, Lond. 1821;
Burges, G.	1822	Aeschyli Eumenides	Lond.		9				’Aeschyli Eumenides, Lond. 1822;
Burges, G.	1831	(Anon.) The Prometheus of Aeschylus	Lond.		10				*°(Anon.) The Prometheus of Aeschylus, Lond. 1831.
Burgess, T.	1779	Observationes in Sophoclis O.T. ... Aeschyli S.c.Th.	Oxon.		1			ap. J. Burton, Pentalogia sive tragoediarum Graecarum delectus, ed. alt., vol. I	Burgess, T., Observationes in Sophoclis O.T. ... Aeschyli S.c.Th., ap. J. Burton, Pentalogia sive tragoediarum Graecarum delectus, ed. alt., vol. I, Oxon. 1779.
Burney, C.	1809	Tentamen de metris ab Aeschylo in choricis cantibus adhibitis	Cantabr.		1				*Tentamen de metris ab Aeschylo in choricis cantibus adhibitis, Cantabr. 1809;
Burney, C.		marginalia in exemplari ed. Vict.		2			Bibl. Britann. 832 k.26.	*marginalia in exemplari ed. Vict., Bibl. Britann. 832 k.26.
Butler, S.	1809-16	Aeschyli tragoediae quae supersunt ex edit. Thomae Stanleii	Cantabr.		1				Butler, S., Aeschyli tragoediae quae supersunt ex edit. Thomae Stanleii, Cantabr. 1809-16.
Calder, W.M.	1922			1	CR	36	155-9		Calder, W.M., CR 36, 1922, 155-9.
Campbell, A. Y.	1917			1	PCPS	106/8	7		PCPS 106/8, 1917, 7;
Campbell, A. Y.	1932			2	PCPS	151/3	13-15		*ib. 151/3, 1932, 13-15;
Campbell, A. Y.	1936			3	CR	50	51-4		3CR 50, 1936, 51-4;
Campbell, A. Y.	1936	The Agamemnon of Aeschylus	Cambr.		4				‘The Agamemnon of Aeschylus, Cambr. 1936;
Campbell, A. Y.	1940	The Agam. of Aesch., translated into English verse	Cambr.		5				‘The Agam. of Aesch., translated into English verse, Cambr. 1940;
Campbell, A. Y.	1944, 1945			6	CR	58, 59	9-11 + 11		*CR 58, 1944, 9-11 + 59, 1945, 11;
Campbell, A. Y.	1956			7	Hermes	84	117-21		"Hermes 84, 1956, 117-21;
Campbell, A. Y.	1957			8	Hermes	85	123		"ib. 85, 1957, 123.
Campbell, L.	1888			1	J. Ph.	13	213-4		‘J. Ph. 13, 1888, 213-4;
Campbell, L.	1898	Aeschyli Tragoediae	Lond.		2				7Aeschyli Tragoediae, Lond. 1898.
Canter, W.	1580	Aeschyli Tragoediae VII	Antverpiae		1			(ante decennium paratus erat liber)	‘Aeschyli Tragoediae VII, Antverpiae 1580 (ante decennium paratus erat liber);
Canter, W.	1571	Novarum lectionum libri VIII, ed. tertia	Antverpiae		2				*Novarum lectionum libri VIII, ed. tertia, Antverpiae 1571.
Casaubon, I. (1550-1614)	ca. 1600	marginalia in exemplari		1			Cantabr. Bibl. Univ. Adv. b.3.3	‘marginalia in exemplari Cantabr. Bibl. Univ. Adv. b.3.3, ca. 1600;
Casaubon, I. (1550-1614)	1605	De satyrica Greecorum poesi et Roman. satira libri duo	Paris.		2				*De satyrica Greecorum poesi et Roman. satira libri duo, Paris. 1605;
Casaubon, I. (1550-1614)	1610	notae ad Agamemnonem		3			cod. Par. gr. 2791	*notae ad Agamemnonem, cod. Par. gr. 2791, ann. 1610.
Cobet, C.G.	1875			1	Mnem.	n.s. 3	30-3		Mnem. n.s. 3, 1875, 30-3;
Cobet, C.G.	1886			2	Mnem.	14	121-9		7ib. 14, 1886, 121-9.
Coenen, G.F.H.	1875	De comparationibus et metaphoris apud Atticos praesertim poetas	Traj. ad Rhen.		1			Diss.	Coenen, G.F.H., De comparationibus et metaphoris apud Atticos praesertim poetas, Diss. Traj. ad Rhen. 1875.
Conington, J.				1			‘juvenis ingeniosus’ ap. Linwood? 200 nullus dubito quin J.C. fuerit (cf. CQ 38, 1988, 555)	*juvenis ingeniosus’ ap. Linwood? 200 nullus dubito quin J.C. fuerit (cf. CQ 38, 1988, 555);
Conington, J.	1848	The Agamemnon of Aeschylus	Lond.		2				7The Agamemnon of Aeschylus, Lond. 1848;
Conington, J.	1851	(Variorum) Terminalia	Oxon.		3				3(Variorum) Terminalia, Oxon. 1851;
Conington, J.				4			ap. Paley’	‘ap. Paley’;
Conington, J.	1857	Aeschylus, The Choephoroe	Lond.		5				‘Aeschylus, The Choephoroe, Lond. 1857.
Conradt, C.	1881			1		200-1	Versammlung deutscher Philologen u. Schulmanner in Stettin 1880, Leipzig 1881, (non vidi)	'Versammlung deutscher Philologen u. Schulmanner in Stettin 1880, Leipzig 1881, 200-1 (non vidi);
Conradt, C.	1888	Aeschylus. Perser, erkl. v. L. Schiller, 2. Aufl. bearb. v. C.C.	Berlin		2				7Aeschylus. Perser, erkl. v. L. Schiller, 2. Aufl. bearb. v. C.C., Berlin 1888;
Conradt, C.	1919			3	WKPh	36	405		3WKPh 36, 1919, 405.
Cornford, F.M.	1939			1	CR	53	162-5		Cornford, F.M., CR 53, 1939, 162-5.
Coxon, A.H.				1			ap. Hutchinson?	Coxon, A.H., ap. Hutchinson?.
Croiset, M.	1928	Eschyle. Etudes sur l'invention dramatique dans son théatre	Paris		1				Croiset, M., Eschyle. Etudes sur l'invention dramatique dans son théatre, Paris 1928.
Dacier, André	1681-9	Les CEuvres d’Horace	Paris.		1			ad carm. 3.24.10	Dacier, André, Les CEuvres d’Horace, Paris. 1681-9, ad carm. 3.24.10.
Davies, J. F.	1862	Aeschylus. The Choephoroe	Lond.		1				Aeschylus. The Choephoroe, Lond. 1862;
Davies, J. F.	1885	The Eumenides of Aesch.	Dublin et Lond.		2				The Eumenides of Aesch., Dublin et Lond. 1885.
Dawe, R.D.	1964	The Collation and Investigation of Manuscripts of Aesch.	Cambr.		1				*The Collation and Investigation of Manuscripts of Aesch., Cambr. 1964;
Dawe, R.D.	1965	Repertory of Conjectures on Aesch.	Leiden		2				*Repertory of Conjectures on Aesch., Leiden 1965;
Dawe, R.D.	1966			3	Eranos	64	1-21		*Eranos 64, 1966, 1-21;
Dawe, R.D.				4			ap. Page*	‘ap. Page*;
Dawe, R.D.	1972			5	Gnomon	44	121-7		“Gnomon 44, 1972, 121-7;
Dawe, R.D.	1978			6		87-103	Dionysiaca, Studies presented to Sir Denys Page, Cambr. 1978	‘Dionysiaca, Studies presented to Sir Denys Page, Cambr. 1978, 87-103;
Dawe, R.D.	1988			7	CPh	83	98-106		7CPh 83, 1988, 98-106.
Dawes, R.	1745	Miscellanea Critica	Cantabr.		1				Dawes, R., Miscellanea Critica, Cantabr. 1745.
Denniston, J.D.	1930			1	CR	44	213		*CR 44, 1930, 213;
Denniston, J.D.	1933			2	CR	47	163-4		*ib. 47, 1933, 163-4;
Denniston, J.D.	1934, 1954	The Greek Particles	Oxford		3				*The Greek Particles, Oxford 1934, ed. 2 1954;
Denniston, J.D.	1957	(cum D.L. Page) Aeschylus. Agamemnon	Oxford		4				“(cum D.L. Page) Aeschylus. Agamemnon, Oxford 1957,
Diggle, J.	1968			1	CR	18	1-4		“CR 18, 1968, 1-4;
Diggle, J.	1970			2	CR	20	267-9		ib. 20, 1970, 267-9;
Diggle, J.	1974			3	PCPS	20	23		7PCPS 20, 1974, 23;
Diggle, J.	1981	Studies on the Text of Euripides	Oxford		4				“Studies on the Text of Euripides, Oxford 1981;
Diggle, J.	1982			5	CR	32	127-34		SCR 32, 1982, 127-34;
Diggle, J.				6			ap. Hutchinson’	‘ap. Hutchinson’;
Diggle, J.				7			per epistolas.	’per epistolas.
Dindorf, L.	1831-65	H. Stephani Thesaurus Linguae Graecae rev. K. Hase, W. Dindorf, L.D.	Paris.		1				Dindorf, L., H. Stephani Thesaurus Linguae Graecae rev. K. Hase, W. Dindorf, L.D., Paris. 1831-65.
Dindorf, (W.,)	1830	Poetae Scenici Graeci	Lips.		1				‘Poetae Scenici Graeci, Lips. 1830;
Dindorf, (W.,)	1836			2	ZA	3	1-14. 87-8		?ZA 3, 1836, 1-14. 87-8;
Dindorf, (W.,)	1839			3	ZA	6	1123-5		*ib. 6, 1839, 1123-5;
Dindorf, (W.,)	1841	Aesch. Tragoediae t. II Annotationes	Oxon.		4				*Aesch. Tragoediae t. II Annotationes, Oxon. 1841;
Dindorf, (W.,)	1850	Aesch. Tragg. ed. Lips. secunda			5				SAesch. Tragg. ed. Lips. secunda, 1850;
Dindorf, (W.,)	1851	Aesch, Tragg. ed. Ox. secunda			6				*Aesch, Tragg. ed. Ox. secunda, 1851;
Dindorf, (W.,)	1857			7	Philol.	12	581—5		’Philol. 12, 1857, 581—5;
Dindorf, (W.,)	1858			8	Philol.	13	457-98		‘ib. 13, 1858, 457-98;
Dindorf, (W.,)	1860			9	Philol.	16	193-233		%ib. 16, 1860, 193-233;
Dindorf, (W.,)	1831-65	Thes. Ling. Gr.	Paris.		10				!°Thes. Ling. Gr., Paris. 1831-65;
Dindorf, (W.,)	1865	Aesch. Tragg. ed. Lips. quinta			11				‘!Aesch. Tragg. ed. Lips. quinta, 1865;
Dindorf, (W.,)	1869	Poetae Scenici Graeci, ed. 5	Lips.		12				'*Poetae Scenici Graeci, ed. 5, Lips. 1869;
Dindorf, (W.,)	1873	Lexicon Aeschyleum	Lips.		13				%Lexicon Aeschyleum, Lips. 1873.
Dittenberger, W.				1			ap. Blass’	Dittenberger, W., ap. Blass’.
Dobree, P.P.	1810			1	CJ	2	643-56		*CJ 2, 1810, 643-56;
Dobree, P.P.	1820	R. Porsoni nott. in Aristoph. quibus Plutum comoediam praemisit	Cantabr.		2				#R. Porsoni nott. in Aristoph. quibus Plutum comoediam praemisit, Cantabr. 1820;
Dobree, P.P.	1833	Adversaria II	Cantabr.		3		14-30	(= IV 10-26 ed. Berol. 1874)	?Adversaria II, Cantabr. 1833, 14-30 (= IV 10-26 ed. Berol. 1874).
Dodds, E.R.	1953			1	CQ	47	18		Dodds, E.R., CQ 47, 1953, 18.
Doederlein, L.	1811			1	Acta philologorum Monacensium	1	63		Acta philologorum Monacensium 1, 1811, 63;
Doederlein, L.	1820	De Aeschyli Eumenidibus	Erlangen		2				*De Aeschyli Eumenidibus, Erlangen 1820;
Doederlein, L.	1825	Soph. Oed. Col.	Lips.		3				*Soph. Oed. Col., Lips. 1825;
Doederlein, L.	1843, 1847, 1860	Reden u. Aufsatze	Erlangen		4				*Reden u. Aufsatze, Erlangen 1843, 1847, 1860;
Doederlein, L.	1850-58	Homerisches Glossarium	Erlangen		5				*Homerisches Glossarium, Erlangen 1850-58.
Donaldson, J. W.	1848	Sophocles. Antigone	Lond.		1				Donaldson, J. W., Sophocles. Antigone, Lond. 1848.
author	year	title	publication_place	publisher	bibnumber	journal	volume	pages	notes	original_index_reference
Donner, J. J.C.	1854	Aeschylos (deutsch)	Stuttgart		1				Donner, J. J.C., Aeschylos (deutsch), Stuttgart 1854.
Drake, B.	1853	Aeschyli Eumenides	Cantabr.		1				Drake, B., Aeschyli Eumenides, Cantabr. 1853.
Droysen, J.G.	1841			1	ZA	8	217-28	(= KI. Schr. z. alten Gesch. II, Leipzig 1894, 104-17)	Droysen, J.G., ZA 8, 1841, 217-28 (= KI. Schr. z. alten Gesch. II, Leipzig 1894, 104-17).
Edwards, W. M.	1939			1	CQ	33	204-7		Edwards, W. M., CQ 33, 1939, 204-7.
Eichstaedt, H.K.A.	1804	Quaestionum philol. novum specimen	Jena		1		12 sq.		Eichstaedt, H.K.A., Quaestionum philol. novum specimen, Jena 1804, 12 sq.
Eitrem, S.	1922			1	Nordisk Tidsskrift for Filologi	10	60		Eitrem, S., Nordisk Tidsskrift for Filologi 10, 1922, 60.
Elberling, C.W.	1828	Observationes in aliquot locos Agamemnonis Aeschylei	Hauniae		1			= Neues Archiv f. Phil. 4, 1829, 81-4.	Elberling, C.W., Observationes in aliquot locos Agamemnonis Aeschylei, Hauniae 1828 = Neues Archiv f. Phil. 4, 1829, 81-4.
Ellendt, F.				1			locum non inveni.	Ellendt, F.: locum non inveni.
Ellis, R.	1882			1	J.Ph.	10	22-7		Ellis, R., J.Ph. 10, 1882, 22-7;
Ellis, R.	1893			2	J.Ph.	21	25-36		*ib. 21, 1893, 25-36.
Elmsley, P.	1810/11			1	Edinburgh Review	17	211-42		‘Edinburgh Review 17, 1810/11, 211-42;
Elmsley, P.	1811/12			2	Edinburgh Review	19	64-95		rib. 19, 1811/12, 64-95;
Elmsley, P.	1811	Soph. O.T.	Oxon.		3				Soph. O.T., Oxon. 1811;
Elmsley, P.	1813	Eur. Heraclidae	Oxon.		4				*Eur. Heraclidae, Oxon. 1813;
Elmsley, P.	1818	Eur. Medea	Oxon.		5				‘Eur. Medea, Oxon. 1818;
Elmsley, P.	1821	Eur. Bacchae	Oxon.		6				*Eur. Bacchae, Oxon. 1821;
Elmsley, P.	1823	Soph. O.C.	Oxon.		7				Soph. O.C., Oxon. 1823;
Elmsley, P.	1826			8	Mus. Crit.	2	273-307		"Mus. Crit. 2, 1826, 273-307;
Elmsley, P.	1826			9	Mus. Crit.	2	457-9		%ib, 457-9.
Emperius, A.	1835			1	ZA	2	625-36	(= Opuscula philol. et hist., Gottingae 1847, 119-34)	'ZA 2, 1835, 625-36 (= Opuscula philol. et hist., Gottingae 1847, 119-34);
Emperius, A.	1842			2	Rh.M.	1	449-51	(= Opusc. 148-50)	7*Rh.M. 1, 1842, 449-51 (= Opusc. 148-50);
Emperius, A.			3	Acta soc. Graec.	1		(= Opusc. 296-303)	2Acta soc. Graec. 1 (= Opusc. 296-303).
Enger, R.	1836	De Aeschyliis antistrophicorum responsionibus	Bratisl.		1			Diss.	‘De Aeschyliis antistrophicorum responsionibus, Diss. Bratisl. 1836;
Enger, R.	1854	Obss. in locos quosdam Agamemnonis Aeschyleae	Ostrowo		2			Progr.	?Obss. in locos quosdam Agamemnonis Aeschyleae, Progr. Ostrowo 1854;
Enger, R.	1854			3	N. Jb.	70	361-410		?N. Jb. 70, 1854, 361-410;
Enger, R.	1855	Aeschylos. Agamemnon	Leipzig		4				*Aeschylos. Agamemnon, Leipzig 1855;
Enger, R.	1856			5	N. Jb.	73	441-5		5N. Jb. 73, 1856, 441-5;
Enger, R.	1857			6	Rh. M.	11	307-9		‘Rh. M. 11, 1857, 307-9;
Enger, R.	1857			7	Rh. M.	12	189-214		7ib. 12, 1857, 189-214;
Enger, R.	1857			8	Philol.	12	371-6		*Philol. 12, 1857, 371-6;
Enger, R.	1858	De Aeschyliae Septem ad Th. parodo	Ostrowo		9			Progr.	*De Aeschyliae Septem ad Th. parodo, Progr. Ostrowo 1858;
Enger, R.	1860			10	Philol.	16	356-9		1Philol. 16, 1860, 356-9;
Enger, R.	1870	Zur Parodos in den Persern des Aesch.	Posen		11			Progr.	*Zur Parodos in den Persern des Aesch., Progr. Posen 1870;
Enger, R.	1874	Aesch. Agam. 2. Aufl. (umgearb. v. W. Gilbert)	Leipzig		12				**Aesch. Agam. 2. Aufl. (umgearb. v. W. Gilbert), Leipzig 1874.
Erfurdt, A.	1802-25	Sophoclis tragg. ac fragm.	Lips.		1				‘Sophoclis tragg. ac fragm., Lips. 1802-25;
Erfurdt, A.	1809			2	Ann. Heidelb.			*Ann. Heidelb. 1809;
Erfurdt, A.	1812			3			per litteras ad Hermannum datas ann. 1812.	*per litteras ad Hermannum datas ann. 1812.
Faehse, G.	1813	Sylloge lectionum Graecarum, glossarum, scholiorum in Tragicos Graecos	Lips.		1				Faehse, G., Sylloge lectionum Graecarum, glossarum, scholiorum in Tragicos Graecos, Lips. 1813.
Fix, T.	1831-65	H. Stephani Thesaurus Linguae Graecae, rev. K. Hase, W. Dindorf, L. Dindorf	Paris.		1		I 289 A		Fix, T., H. Stephani Thesaurus Linguae Graecae, rev. K. Hase, W. Dindorf, L. Dindorf, Paris. 1831-65, I 289 A.
Flach, H.	1884			1	N. Jb.	129	827-31		Flach, H., N. Jb. 129, 1884, 827-31.
Fraccaroli, G.	1873			1	RFIC	1	305		Fraccaroli, G., RFIC 1, 1873, 305.
Fraenkel, E.	1950	Aeschylus. Agamemnon	Oxford		1				‘Aeschylus. Agamemnon, Oxford 1950;
Fraenkel, E.	1957			2	Sitz.-Ber. Bayr. Ak.	1957(3)		(= KI. Beitrage zur klass. Phil., Romae 1964, 1 273-328)	*Sitz.-Ber. Bayr. Ak. 1957(3) (= KI. Beitrage zur klass. Phil., Romae 1964, 1 273-328);
Fraenkel, E.	1961			3	Mus. Helv.	18	131~5	(= KI. Beitr. I 265-71)	*Mus. Helv. 18, 1961, 131~5 (= KI. Beitr. I 265-71).
Francken van Muiden, C.M.	1845	Disputatio critica de antiquarum Aeschyli interpretationum ad genuinam lectionem restituendam usu et auctoritate	Utrecht		1				Francken van Muiden, C.M., Disputatio critica de antiquarum Aeschyli interpretationum ad genuinam lectionem restituendam usu et auctoritate, Utrecht 1845.
Franz, J.	1846	Aeschylus, Oresteia	Leipzig		1				Franz, J., Aeschylus, Oresteia, Leipzig 1846.
Freericks, H.	1883	De Aeschyli Supplicum choro	Lips.		1			Diss.	Freericks, H., De Aeschyli Supplicum choro, Diss. Lips. 1883.
Frey, K.				1			locum non inveni.	Frey, K.: locum non inveni.
Fritzsche, F.V.	1834	Rezension des Buches: Aeschylos Eumeniden ... von K.O. Miiller	Leipzig		1			(Nihil horum vidi.)	Rezension des Buches: Aeschylos Eumeniden ... von K.O. Miiller, Leipzig 1834;
Fritzsche, F.V.	1835	Zweiter Anhang zu Herm K.O. Miiller’s Eumeniden	Leipzig		2			(Nihil horum vidi.)	Zweiter Anhang zu Herm K.O. Miiller’s Eumeniden, Leipzig 1835;
Fritzsche, F.V.	1880	De Aeschylo Hermanni	Rostock		3			Ind. lect. (Nihil horum vidi.)	De Aeschylo Hermanni, Ind. lect. Rostock 1880;
Fritzsche, F.V.	1882	Miscellanea	ib.		4			(Nihil horum vidi.)	Miscellanea, ib. 1882. (Nihil horum vidi.)
Fuhr, M.	1841			1	ZA	8	195-9		Fuhr, M., ZA 8, 1841, 195-9.
Garvie, A.F.	1969	Aeschylus’ Supplices: Play and Trilogy	Cambr.		1				‘Aeschylus’ Supplices: Play and Trilogy, Cambr. 1969;
Garvie, A.F.				2			ap. Johansen?	*ap. Johansen?;
Garvie, A.F.	1973			3	CR	23	21-2		CR 23, 1973, 21-2;
Garvie, A.F.				4			ap. Johansen’	*ap. Johansen’;
Garvie, A.F.	1986	Aeschylus. Choephori	Oxford		5				‘Aeschylus. Choephori, Oxford 1986.
Geel, J.	1830			1	Bibliotheca critica nova	5	57-100		‘Bibliotheca critica nova 5, 1830, 57-100;
Geel, J.	1846	Eur. Phoenissae	Lugd. Bat.		2				2Eur. Phoenissae, Lugd. Bat. 1846.
Gilbert, W.	1873	Meletemata Aeschylea	Lips.		1			Diss.	‘Meletemata Aeschylea, Diss. Lips. 1873;
Gilbert, W.	1874			2	Acta soc. phil. Lips.	2.2	283-332		*Acta soc. phil. Lips. 2.2, 1874, 283-332;
Gilbert, W.	1874	Aeschylos. Agamemnon hrsg. R. Enger, 2. Aufl. umgearb. von W.G.	Leipzig		3				?Aeschylos. Agamemnon hrsg. R. Enger, 2. Aufl. umgearb. von W.G., Leipzig 1874.
Goettling, K. W.	1835	Allgemeine Lehre vom Accent d. griech. Sprache	Jena		1				Goettling, K. W., Allgemeine Lehre vom Accent d. griech. Sprache, Jena 1835.
Gomperz, T.	1890			1	Sitz.-Ber. Wien. Ak.	122	1.		Gomperz, T., Sitz.-Ber. Wien. Ak. 122, 1890, 1.
Griffith, M.	1977	The Authenticity of Prometheus Bound	Cambr.		1				‘The Authenticity of Prometheus Bound, Cambr. 1977;
Griffith, M.	1983	Aeschylus. Prometheus Bound	Cambr.		2				*Aeschylus. Prometheus Bound, Cambr. 1983;
Griffith, M.	1986			3	Phoenix	40	323-40		2Phoenix 40, 1986, 323-40.
Groeneboom, P.	1927			1	Mnem.	55	88-100		*Mnem. 55, 1927, 88-100;
Groeneboom, P.	1928	Aeschylus’ Prometheus	Groningen		2				*Aeschylus’ Prometheus, Groningen 1928;
Groeneboom, P.	1930	Aesch. Persae	ib.		3				?Aesch. Persae, ib. 1930;
Groeneboom, P.	1938	Aesch. Zeven tegen Thebe	ib.		4				*Aesch. Zeven tegen Thebe, ib. 1938;
Groeneboom, P.	1944	Aesch. Agamemnon	ib.		5				‘Aesch. Agamemnon, ib. 1944;
Groeneboom, P.	1949	Aesch. Choephoroi	ib.		6				“Aesch. Choephoroi, ib. 1949;
Groeneboom, P.	1952	Aesch. Eumeniden	ib.		7				7Aesch. Eumeniden, ib. 1952.
Gronewald, M.	1974			1	ZPE	14	118-20		'ZPE 14, 1974, 118-20;
Gronewald, M.				2			ap. Merkelbach?	?ap. Merkelbach?.
Grotefend, G.F.	1840			1	ZA	7	787-96		Grotefend, G.F., ZA 7, 1840, 787-96.
Grotius, H.	1626	Excerpta ex tragoediis et comoediis Graecis	Paris.		1				Grotius, H., Excerpta ex tragoediis et comoediis Graecis, Paris. 1626,
Grotius, H.				2			‘G.’ in marg. exemplaris ed. Stan]. quod Askew possedit (Cantabr. Bibl. Univ. Adv. a.51.1) Grotium esse ci. Butler.	—‘G.’ in marg. exemplaris ed. Stan]. quod Askew possedit (Cantabr. Bibl. Univ. Adv. a.51.1) Grotium esse ci. Butler.
Haase, F.				1			locum non inveni.	Haase, F.: locum non inveni.
Halbertsma, T.	1896	Adversaria critica	Leiden		1				Halbertsma, T., Adversaria critica, Leiden 1896.
Halm, C.F.	1866			1	Rh. M.	21	331-8		*Rh. M. 21, 1866, 331-8;
Halm, C.F.	1868			2	Rh. M.	23	203-7. 704		ib. 23, 1868, 203-7. 704.
Harberton, J.S.P.	1903	(Anon.) A Graduate of Cambridge	Lond.		1				‘(Anon.) A Graduate of Cambridge, Lond. 1903;
Harberton, J.S.P.	1907	(Anon.) Unus Multorum	Lond. et Oxford		2				2(Anon.) Unus Multorum, Lond. et Oxford 1907.
Hartung, J.A.	1852-4	Aeschylus. Werke	Leipzig		1				Hartung, J.A., Aeschylus. Werke, Leipzig 1852-4.
Haupt, C.G.	1826	Aeschylearum quaestionum specimen I. Prom. Vinctus	Berol.		1				tAeschylearum quaestionum specimen I. Prom. Vinctus, Berol. 1826;
Haupt, C.G.	1829	Aeschyli Supplices	Lips.		2				*Aeschyli Supplices, Lips. 1829;
Haupt, C.G.	1829	Aesch. Sept. c. Th.	Lips.		3				>Aesch. Sept. c. Th., Lips. 1829;
Haupt, C.G.	1830	Aesch. Persae	Lips.		4				*Aesch. Persae, Lips. 1830;
Haupt, C.G.	1837	Aeschylus. Orestia pars I. Agamemnon	Berol.		5				‘Aeschylus. Orestia pars I. Agamemnon, Berol. 1837.
Havet, L.				1			ap. Mazon	‘ap. Mazon;
Havet, L.	1922			2	R.Ph.	46	99-113		*R.Ph. 46, 1922, 99-113;
Havet, L.	1923			3	R.Ph.	47	108-40		ib. 47, 1923, 108-40.
Headlam, W.	1891	On Editing Aeschylus: a Criticism	Lond.		1				Headlam, W., On Editing Aeschylus: a Criticism, Lond. 1891;
Headlam, W.	1892			2	J. Ph.	20	294-311		2]. Ph. 20, 1892, 294-311;
Headlam, W.	1893			3	J. Ph.	21	75-100		*ib. 21, 1893, 75-100;
Headlam, W.	1895			4	J. Ph.	23	298-323		‘ib. 23, 1895, 298-323;
Headlam, W.	1897			5	CR	11	56-9		*CR 11, 1897, 56-9;
Headlam, W.	1898			6	CR	12	189-93. 245-9		‘ib. 12, 1898," 189-93. 245-9;
Headlam, W.	1899			7	PCPS	52	4	Easter 	7PCPS 52, Easter 1899, 4;
Headlam, W.	1900			8	CR	14	106-19. 194-201		®CR 14, 1900, 106-19. 194-201;
Headlam, W.	1900			9	PCPS	57	17-18		"PCPS 57, 1900, 17-18;
Headlam, W.	1900	Aeschylus. The Suppliants (transl.)	Lond.		10				*°Aeschylus. The Suppliants (transl.), Lond. 1900;
Headlam, W.	1902			11	CR	16	52-61		CR 16, 1902, 52-61;
Headlam, W.	1902			12	CR	16	434-42		“ib. 43442;
Headlam, W.	1903			13	CR	17	240-9. 286-95		ib. 17, 1903, 240-9. 286-95;
Headlam, W.	1904			14	CR	18	241-3		ib. 18, 1904, 241-3;
Headlam, W.	1904	Aesch. Agam. (transl.)	Lond.		15				SAesch. Agam. (transl.), Lond. 1904;
Headlam, W.	1905	The Choeph. of Aesch. (transl.)	Lond.		16				**The Choeph. of Aesch. (transl.), Lond. 1905;
Headlam, W.	1906			17	JHS	26	268-77		?”JHS 26, 1906, 268-77;
Headlam, W.	1907			18	J. Ph.	30	290-1. 314-5		**J. Ph. 30, 1907, 290-1. 314-5;
Headlam, W.	1908	The Eum. and The Prom. Bound (transl.)	Lond.		19				The Eum. and The Prom. Bound (transl.), Lond. 1908;
Headlam, W.	1910	Aesch. Agamemnon (ed. A.C. Pearson)	Cambr.		20				?°Aesch. Agamemnon (ed. A.C. Pearson), Cambr. 1910;
Headlam, W.	1938	(ed. G. Thomson) The Oresteia of Aesch.	Cambr.		21				74(ed. G. Thomson) The Oresteia of Aesch., Cambr. 1938.
Heath, B.	1762	Notae sive lectiones ad Tragicorum Graec. veterum ... dramata deperditorumque relliquias	Oxon.		1				Heath, B., Notae sive lectiones ad Tragicorum Graec. veterum ... dramata deperditorumque relliquias, Oxon. 1762.
Heimsoeth, F.	1861	Die Wiederherstellung der Dramen des Aeschylus	Bonn		1				‘Die Wiederherstellung der Dramen des Aeschylus, Bonn 1861;
Heimsoeth, F.	1862	Die indirecte Ueberlieferung des aeschyleischen Textes	Bonn		2				*Die indirecte Ueberlieferung des aeschyleischen Textes, Bonn 1862;
Heimsoeth, F.	1865	Kritische Studien z. d. griech. Tragikern	Bonn		3				*Kritische Studien z. d. griech. Tragikern, Bonn 1865.
Heller, H.J.	1863			1	Rh. M.	18	607-13		Heller, H.J., Rh. M. 18, 1863, 607-13.
Hemsterhuys, T. (1685-1766)	1778			1			ap. S. Musgrave ad Eur. Supp. 652	Hemsterhuys, T. (1685-1766), ap. S. Musgrave ad Eur. Supp. 652 (1778).
Hense, O.	1883	Aischylos Agamemnon erkl. v. F.W. Schneidewin. 2. Aufl. besorgt v. O.H.	Berlin		1				Hense, O., Aischylos Agamemnon erkl. v. F.W. Schneidewin. 2. Aufl. besorgt v. O.H., Berlin 1883.
Herington, C.J.	1972	The Older Scholia on the Prometheus Bound	Lugd. Bat.		1				Herington, C.J., The Older Scholia on the Prometheus Bound, Lugd. Bat. 1972.
Hermann, J.G.J.	1796	De metris poetarum Graec. et Roman.	Lips.		1				‘De metris poetarum Graec. et Roman., Lips. 1796;
Hermann, J.G.J.	1817	De metris Pindari (1798)			2			ap. C.G. Heyne, Pindari Carmina III, Lips. 1817	*De metris Pindari (1798), ap. C.G. Heyne, Pindari Carmina III, Lips. 1817;
Hermann, J.G.J.	1798	Observationes criticae in quosdam locos Aeschyli et Eur.	Lips.		3				*Cbservationes criticae in quosdam locos Aeschyli et Eur., Lips. 1798;
Hermann, J.G.J.	1799	Arist. Nubes	Lips.		4				*Arist. Nubes, Lips. 1799;
Hermann, J.G.J.	1799	Aesch. Eumenides	Lips.		5				SAesch. Eumenides, Lips. 1799;
Hermann, J.G.J.	1800	Eur. Hecuba	Lips.		6				‘Eur. Hecuba, Lips. 1800;
Hermann, J.G.J.	1802	Aristot. Ars poetica	Lips.		7				’Aristot. Ars poetica, Lips. 1802;
Hermann, J.G.J.	1802	F. Vigeri De praecipuis Graec. dictionis idiotismis liber ed. et adnott. add. G.H.	Lips.		8				°F. Vigeri De praecipuis Graec. dictionis idiotismis liber ed. et adnott. add. G.H., Lips. 1802;
Hermann, J.G.J.	1834	idem ed. 1834			9				**idem ed. 1834;
Hermann, J.G.J.	1803	De differentia prosae et poeticae orationis	Lips.		10			(= Opusc. I, 1827, 81-128)	°De differentia prosae et poeticae orationis, Lips. 1803 (= Opusc. I, 1827, 81-128);
Hermann, J.G.J.	1808	Dissertatio de ellipsi et pleonasmo in Graeca lingua		11	Museum antiquitatis studiorum	1	97-235	(= Opusc. I 148-244)	*°Dissertatio de ellipsi et pleonasmo in Graeca lingua, Museum antiquitatis studiorum 1808, 97-235 (= Opusc. I 148-244);
Hermann, J.G.J.				12			ap. Erfurdt?	“ap. Erfurdt?;
Hermann, J.G.J.	1811			13			ap. Erfurdt, Soph. Ajax, Lips. 1811	“ap. Erfurdt, Soph. Ajax, Lips. 1811;
Hermann, J.G.J.				14			ap. Seidler’	ap. Seidler’;
Hermann, J.G.J.	1814	De versibus spuriis ap. Aeschylum diss.	Lips.		15			(= Opusc. II, 1827, 76-86)	**De versibus spuriis ap. Aeschylum diss., Lips. 1814 (= Opusc. II, 1827, 76-86);
Hermann, J.G.J.	1814			16		92	ap. H. Bliimner, Ueber die Idee des Schicksals i.d. Tragodien d. Aesch., Leipzig 1814	‘Sap. H. Bliimner, Ueber die Idee des Schicksals i.d. Tragodien d. Aesch., Leipzig 1814, 92;
Hermann, J.G.J.	1816	De choro Eumenidum Aeschyli diss. i, ii	Lips.		17			(= Opusc. II 124-66)	**De choro Eumenidum Aeschyli diss. i, ii, Lips. 1816 (= Opusc. II 124-66);
Hermann, J.G.J.	1816			18			ap. W. v. Humboldt, Aeschylos, Agamemnon metrisch ibersetzt, Leipzig 1816 (= Ges. Werke, Berl. 1841-52, III] 93-6)	’ap. W. v. Humboldt, Aeschylos, Agamemnon metrisch ibersetzt, Leipzig 1816 (= Ges. Werke, Berl. 1841-52, III] 93-6);
Hermann, J.G.J.	1816	Elementa doctrinae metricae	Lips.		19				**Elementa doctrinae metricae, Lips. 1816;
Hermann, J.G.J.	1817	De mythologia Graecorum antiquissima diss.	Lips.		20			(= Opusc. IIT 167-94)	De mythologia Graecorum antiquissima diss., Lips. 1817 (= Opusc. IIT 167-94);
Hermann, J.G.J.	1820	De Aesch. Danaidibus	Lips.		21			(= Opusc. II 319-36)	?°De Aesch. Danaidibus, Lips. 1820 (= Opusc. II 319-36);
Hermann, J.G.J.	1823	Soph. Oedipus Rex rec. Erfurdt, ed. sec. c. adnn. G.H.	Lips.		22				*4Soph. Oedipus Rex rec. Erfurdt, ed. sec. c. adnn. G.H., Lips. 1823;
Hermann, J.G.J.	1824	De emendationibus per transpositionem verborum diss.	Lips.		23			(= Opusc. III, 1828, 98-112)	#*7De emendationibus per transpositionem verborum diss., Lips. 1824 (= Opusc. III, 1828, 98-112);
Hermann, J.G.J.	1826-7	De particula dv libri iv	Lips.		24			(= Opusc. IV, 1831, 1-204)	De particula dv libri iv, Lips. 1826-7 (= Opusc. IV, 1831, 1-204);
Hermann, J.G.J.		Septem aperta operta ap. Aesch.			25			Opusc. IV 333-40	**Septem aperta operta ap. Aesch., Opusc. IV 333-40;
Hermann, J.G.J.		De mensura utriusque tiv			26			ib. 373-88	*De mensura utriusque tiv, ib. 373-88;
Hermann, J.G.J.	1832			27	N. Jb.	6	41		7*N. Jb. 6, 1832, 41;
Hermann, J.G.J.	1833	Soph. Oed. R. ed. 3	Lips.		28				?”Soph. Oed. R. ed. 3, Lips. 1833;
Hermann, J.G.J.	1835			29	Wien. Jb.	64, 65	203-44 + 96-155	(= Opusc. VI.2, 1835)	7*Wien. Jb. 64, 203-44 + 65, 96-155 (= Opusc. VI.2, 1835);
Hermann, J.G.J.	1835	De Aesch. trilogiis Thebanis	Lips.		30			(= Opusc. VII, 1839, 190-210)	?*7De Aesch. trilogiis Thebanis, Lips. 1835 (= Opusc. VII, 1839, 190-210);
Hermann, J.G.J.	1835			31	ZA	2	1113-22		ZA 2, 1835, 1113-22;
Hermann, J.G.J.	1836			32	N. Jb.	16	279-306	(= Opusc. VII 25-64)	**N. Jb. 16, 1836, 279-306 (= Opusc. VII 25-64);
Hermann, J.G.J.	1852	Aeschyli Tragoediae	Lips. et Berol.		33				?Aeschyli Tragoediae, Lips. et Berol. 1852.
Herwerden, H. van	1862	Exercitationes criticae in poeticis et prosaicis quibusdam Atticorum monumentis	Hagae		1				*Exercitationes criticae in poeticis et prosaicis quibusdam Atticorum monumentis, Hagae 1862;
Herwerden, H. van	1872	Studia critica in poetas scenicos Graecorum	Amst.		2				*Studia critica in poetas scenicos Graecorum, Amst. 1872;
Herwerden, H. van	1876			3	Verslagen en mededeelingen d. Koninkl. Akad. Amst.		319-57		*Verslagen en mededeelingen d. Koninkl. Akad. Amst. 1876, 319-57;
Herwerden, H. van	1877			4	Mnem.	n.s. 5	188-91		*Mnem. n.s. 5, 1877, 188-91;
Herwerden, H. van	1878/79			5	Jb. kl. Ph. Supp.	10	119-63		*Jb. kl. Ph. Supp. 10, 1878/79, 119-63;
Herwerden, H. van	1886			6	Mnem.	14	56-9		*Mnem. 14, 1886, 56-9;
Herwerden, H. van	1892			7	Mnem.	20	442-8		7ib. 20, 1892, 442-8;
Herwerden, H. van	1893			8	Mnem.	21	92-6		*ib. 21, 1893, 92-6;
Herwerden, H. van	1896			9	Mnem.	24	31-54		%ib. 24, 1896, 31-54;
Herwerden, H. van	1900			10	Mnem.	28	392-5		‘ib. 28, 1900, 392-5;
Herwerden, H. van				11			"tap. Blaydes® iv-vii.	"tap. Blaydes® iv-vii.
van Heusde, J.A.C.	1864	Aeschyli Agamemnon	Hagae Comitis		1				van Heusde, J.A.C., Aeschyli Agamemnon, Hagae Comitis 1864.
Heyse, T.	1884	Die Orestie des Aeschylus	Halle		1				Heyse, T., Die Orestie des Aeschylus, Halle 1884.
Hilberg, I.	1879	Das Princip der Silbenwagung	Wien		1				Hilberg, I., Das Princip der Silbenwagung, Wien 1879.
Hirst, M.E.	1926			1	CR	40	151		Hirst, M.E., CR 40, 1926, 151.
Housman, A.E.	1888			1	AJP	9	317-25	(= Classical Papers, Cambt. 1972, I 14-21)	AJP 9, 1888, 317-25 (= Classical Papers, Cambt. 1972, I 14-21);
Housman, A.E.	1888			2	J.Ph.	16	244~90	(= Cl. Papers I 55-90)	2J.Ph. 16, 1888, 244~90 (= Cl. Papers I 55-90).
Hiittemann, F.	1880	Die Poesie der Oedipussage	Strassburg		1			Progr. (non vidi)	Hiittemann, F., Die Poesie der Oedipussage, Progr. Strassburg 1880 (non vidi).
Hutchinson, G.O.	1984			1	CR	34	1-3		‘CR 34, 1984, 1-3;
Hutchinson, G.O.	1985	Aeschylus. Septem contra Thebas	Oxford		2				7Aeschylus. Septem contra Thebas, Oxford 1985.
Italie, G.	1955	Index Aeschyleus	Leiden		1			ed. alt. cur. $.L. Radt, 1964.	Italie, G., Index Aeschyleus, Leiden 1955; ed. alt. cur. $.L. Radt, 1964.
Jacob, H. (1608-52)				1			marginalia in exempl. ed. Canter. deperdito, a Stanleio et Butlero excerpta (v. Stanleii n. ad Ag. 214)	‘marginalia in exempl. ed. Canter. deperdito, a Stanleio et Butlero excerpta (v. Stanleii n. ad Ag. 214);
Jacob, H. (1608-52)				2			*a Stanley°	*a Stanley°;
Jacob, H. (1608-52)				3			?ap. Pearson’	?ap. Pearson’.
Jacobs, F.	1790	Animadversiones in Eur. tragg. Accedunt emendationes in Stobaeum	Gothae		1				‘Animadversiones in Eur. tragg. Accedunt emendationes in Stobaeum, Gothae 1790;
Jacobs, F.	1794-1813	Anthologia Graeca	Lips.		2				?Anthologia Graeca, Lips. 1794-1813;
Jacobs, F.				3			marginalia in exemplari ed. Schiitz. a Weckleinio laudata (cf. Wecklein"™ xii).	*marginalia in exemplari ed. Schiitz. a Weckleinio laudata (cf. Wecklein"™ xii).
Johansen, H. Friis	1966 (1969)			1	Classica et Mediaevalia	27	39-65		*Classica et Mediaevalia 27, 1966 (1969), 39-65;
Johansen, H. Friis	1970	Aeschylus, The Suppliants vol. I	Copenhagen		2				*Aeschylus, The Suppliants vol. I, Copenhagen 1970;
Johansen, H. Friis	1975			3	Symb. Osl.	50	S41		3Symb. Osl. 50, 1975, S41;
Johansen, H. Friis	1976			4	Gnomon	48	321-36		*Gnomon 48, 1976, 321-36;
Johansen, H. Friis	1980	(cum E.H. Whittle) Aeschylus, The Suppliants	Copenhagen		5				*(cum E.H. Whittle) Aeschylus, The Suppliants, Copenhagen 1980.
de Jongh, A.	1856	Aeschylus. Choephorae	Utrecht		1				de Jongh, A., Aeschylus. Choephorae, Utrecht 1856.
Jurenka, H.	1900			1	Wien. St.	22	181-93		1Wien. St. 22, 1900, 181-93;
Jurenka, H.	1902	Aischylos. Perser	Leipzig & Wien		2				*Aischylos. Perser, Leipzig & Wien 1902.
Karsten, S.	1855	Aeschyli Agamemnon	Utrecht		1				Karsten, S., Aeschyli Agamemnon, Utrecht 1855.
Kayser				1			nescio quis Caesarum hic fuerit.	Kayser: nescio quis Caesarum hic fuerit.
Keck, K.H.	1851	Der theologische Charakter des Zeus in Aeschylos’ Prometheustrilogie	Glickstadt		1				‘Der theologische Charakter des Zeus in Aeschylos’ Prometheustrilogie, Glickstadt 1851;
Keck, K.H.	1863	Aeschylos. Agamemnon	Leipzig		2				7Aeschylos. Agamemnon, Leipzig 1863;
Keck, K.H.	1863			3	Rh. M.	18	152-5		°Rh. M. 18, 1863, 152-5;
Keck, K.H.	1863			4		96-117	Verhandiungen d. 20. Versammlung deutscher Philologen u. Schulmanner in Frankfurt, Leipzig 1863 (non vidi)	*Verhandiungen d. 20. Versammlung deutscher Philologen u. Schulmanner in Frankfurt, Leipzig 1863, 96-117 (non vidi);
Keck, K.H.	1868	Apollons Wahrspruch in Aesch. Cho. 266-302	Schleswig		5			Progr. (non vidi)	SApollons Wahrspruch in Aesch. Cho. 266-302, Progr. Schleswig 1868 (non vidi).
Keiper, P.	1877	Die Perser des Aesch: als Quelle für altpersische Altertumskunde	Erlangen		1				Keiper, P., Die Perser des Aesch: als Quelle für altpersische Altertumskunde, Erlangen 1877.
Kennedy, B.H.	1878	Aeschylus. Agamemnon	Cambr.		1				tAeschylus. Agamemnon, Cambr. 1878;
Kennedy, B.H.	1872-80			2	TCPS	1	124-7		*TCPS 1, 1872-80, 124-7;
Kennedy, B.H.	1882	Aesch. Agam. ed. 2	Cambr.		3				3Aesch. Agam. ed. 2, Cambr. 1882.
Kidd, T.				1			locum non inveni.	Kidd, T.: locum non inveni.
Kiehl, E. J.	1850	Aeschylea (De Prometheo Aeschyli denuo edendo)	Leiden		1				!Aeschylea (De Prometheo Aeschyli denuo edendo), Leiden 1850;
Kiehl, E. J.	1856			2	Mnem.	5	153		*Mnem. 5, 1856, 153.
Kirchhoff, A.	1872			1	Monatsbericht d. konigl. preuss. Ak. d. Wiss. zu Berlin		237-41		‘Monatsbericht d. konigl. preuss. Ak. d. Wiss. zu Berlin 1872, 237-41;
Kirchhoff, A.	1880	Aeschyli Tragoediae	Berlin		2				*Aeschyli Tragoediae, Berlin 1880;
Kirchhoff, A.	1894			3	Sitz.-Ber. Preuss. Akad.	39	1039-53		*Sitz.-Ber. Preuss. Akad. 39, 1894, 1039-53.
Klausen, R.H.	1833	Aeschyli quae supersunt: I.1 Agamemno	Gothae et Erfordiae		1				Aeschyli quae supersunt: I.1 Agamemno, Gothae et Erfordiae 1833;
Klausen, R.H.	1835	I.2 Choephorae	Gothae		2				I.2 Choephorae, Gothae 1835.
Klotz, R.	1856	De emendationibus quae per conjecturam fiunt commentatio prima	Lips.		1				Klotz, R., De emendationibus quae per conjecturam fiunt commentatio prima, Lips. 1856,
Koechly, H.	1875			1		65-80	Verhandiungen d. 29. Versammlung deutscher Philologen u. Schulmanner zu Innsbruck, Leipzig 1875 (= Opuscula philol. II, Leipzig 1882, 128-47)	‘Verhandiungen d. 29. Versammlung deutscher Philologen u. Schulmanner zu Innsbruck, Leipzig 1875, 65-80 (= Opuscula philol. II, Leipzig 1882, 128-47);
Koechly, H.	1876	Die Perser, verdeutscht u. erganzt	Heidelberg		2				*Die Perser, verdeutscht u. erganzt, Heidelberg 1876.
Koster, W.J.W.	1974	Scholia in Aristophanem I.II1.2 (Scholia recentiora in Nubes)	Groningen		1		421		Koster, W.J.W., Scholia in Aristophanem I.II1.2 (Scholia recentiora in Nubes), Groningen 1974, 421.
Kranz, W.	1933	Stasimon	Berlin		1				Kranz, W., Stasimon, Berlin 1933.
Kruse, C.	1861	Aeschylus. Die Schutzflehenden	Stralsund		1				Kruse, C., Aeschylus. Die Schutzflehenden, Stralsund 1861.
Kueck, E.	1890	Studia maxime critica in Aeschylum et scholia Aeschyli Medicea	Göttingen		1			Diss.	Kueck, E., Studia maxime critica in Aeschylum et scholia Aeschyli Medicea, Diss. Göttingen 1890.
Labbaeus, C. (1582-1657)				1			Scaligeri coniecturas fere xxxv minus accurate transcripsit, Oxon. Bibl. Bodl. MS. Add. A 176f. 205"	Labbaeus, C. (1582-1657), Scaligeri coniecturas fere xxxv minus accurate transcripsit, Oxon. Bibl. Bodl. MS. Add. A 176f. 205"
Lachmann, K.	1819	De choricis systematis tragicorum Graec. libri IV	Berol.		1				'De choricis systematis tragicorum Graec. libri IV, Berol. 1819;
Lachmann, K.	1822	De mensura tragoediarum liber singularis	Berol.		2				*De mensura tragoediarum liber singularis, Berol. 1822.
Lafontaine, A.H.J.	1822	Aeschyli Dramata	Halle		1				Lafontaine, A.H.J., Aeschyli Dramata, Halle 1822.
Latte, K.	1920/1			1	ARW	20	273n.	(= KI. Schr., München 1968, 17 n. 25)	Latte, K., ARW 20, 1920/1, 273n. (= KI. Schr., München 1968, 17 n. 25).
Lawson, J.C.	1932	Aeschylus. The Agamemnon	Cambr.		1				*Aeschylus. The Agamemnon, Cambr. 1932;
Lawson, J.C.	1934			2	CR	48	4-8. 55-9		2CR 48, 1934, 4-8. 55-9.
Legrand, L.	1778	Specimen observationum in Aesch. Agam.	Basileae		1				Legrand, L., Specimen observationum in Aesch. Agam., Basileae 1778.
Lehrs, F.S.	1865	De Aristarchi studiis Homericis, ed. alt.	Lips.		1		297,		Lehrs, F.S., De Aristarchi studiis Homericis, ed. alt., Lips. 1865, 297,
Lesky, A.	1943			1	Sitz.-Ber. Osterr. Ak. Wiss.	221(3)			Lesky, A., Sitz.-Ber. Osterr. Ak. Wiss. 221(3), 1943.
Lincke, M.	1863			1	N. Jb.	87	225-34		Lincke, M., N. Jb. 87, 1863, 225-34.
Lindau, A.F.	1836			1	ZA	3	1193-1203		Lindau, A.F., ZA 3, 1836, 1193-1203.
Linwood, W.	1843	A Lexicon to Aeschylus	Lond.		1				'A Lexicon to Aeschylus, Lond. 1843;
Linwood, W.	1844	Aeschylus. Eumenides	Oxford		2				*Aeschylus. Eumenides, Oxford 1844;
Linwood, W.	1847	A Lexicon to Aeschylus, ed. alt.			3				3A Lexicon to Aeschylus, ed. alt., 1847.
Lloyd-Jones, H.	1954			1	CQ	4	95 n.1		*CQ 4, 1954, 95 n.1;
Lloyd-Jones, H.	1959			2	CQ	9	80-115		*CQ 9, 1959, 80-115;
Lloyd-Jones, H.	1960			3	Rh. M.	103	76-80		'Rh. M. 103, 1960, 76-80;
Lloyd-Jones, H.	1961			4	CQ	11	171-84	(cf. Gnomon 37, 1965, 657)	*CQ 11, 1961, 171-84 (cf. Gnomon 37, 1965, 657);
Lloyd-Jones, H.	1978			5		45-61	Dionysiaca, Studies presented to Sir Denys Page, Cambr. 1978	*Dionysiaca, Studies presented to Sir Denys Page, Cambr. 1978, 45-61;
Lloyd-Jones, H.				6			ap. Hutchinson’	‘ap. Hutchinson’.
Lobeck, C.A.	1809	Sophoclis Aiax	Lips.		1				'Sophoclis Aiax, Lips. 1809;
Lobeck, C.A.	1820	Phrynichi Ecloga	Lips.		2				*Phrynichi Ecloga, Lips. 1820;
Lobeck, C.A.	1837	Paralipomena grammaticae Graecae	Lips.		3				*Paralipomena grammaticae Graecae, Lips. 1837;
Lobeck, C.A.	1843	Pathologiae sermonis Graeci prolegg.	Regiom.		4				*Pathologiae sermonis Graeci prolegg., Regiom. 1843.
author	year	title	publication_place	publisher	bibnumber	journal	volume	pages	notes	original_index_reference
Lobel, E.				1			ap. Murray*	‘ap. Murray*;
Lobel, E.				2			ap. Fraenkel*	2ap. Fraenkel*;
Lobel, E.				3			ap. Murray’	3ap. Murray’.
Lowinski, A.	1856			1	Rh. M.	10	358-68		‘Rh. M. 10, 1856, 358-68;
Lowinski, A.	1858			2	N. Jb.	77	237-40		7N. Jb. 77, 1858, 237-40;
Lowinski, A.	1879	De emendando prologo Agamemnonis Aeschyleae	Deutsch—-Krone		3			Progr. (non vidi)	3De emendando prologo Agamemnonis Aeschyleae, Progr. Deutsch—-Krone 1879 (non vidi).
Ludwig, A.	1860			1	Sitz.-Ber. Wien. Ak.	33	397-470		Ludwig, A., Sitz.-Ber. Wien. Ak. 33, 1860, 397-470.
Maas, P.	1915			1	WKPh	32	694		‘WKPh 32, 1915, 694;
Maas, P.	1915			2	Jahresber. d. Phil. Vereins Berl.	41	234-7 + 312-4	(= Kl. Schr., München 1973, 35-41)	*Jahresber. d. Phil. Vereins Berl. 41, 1915, 234-7 + 312-4 (= Kl. Schr., München 1973, 35-41);
Maas, P.	1922			3	ib. (Jahresber. d. Phil. Vereins Berl.)	48	179	(= KI. Schr. 191)	3ib. 48, 1922, 179 (= KI. Schr. 191);
Maas, P.	1933			4	Zeitschr. f. vgl. Sprachforsch.	60	285	(= Kl. Schr. 196)	*Zeitschr. f. vgl. Sprachforsch. 60, 1933, 285 (= Kl. Schr. 196);
Maas, P.	1951			5	CQ	1	94	(= KI. Schr. 42)	°CQ 1, 1951, 94 (= KI. Schr. 42);
Maas, P.				6			ap. Murray’	‘ap. Murray’.
McCall, M.	1979	Arktouros, Hellenic Studies presented to B. M. W. Knox	Berlin — New York		1		109-14		*Arktouros, Hellenic Studies presented to B. M. W. Knox, Berlin — New York 1979, 109-14;
McCall, M.	1981			2	BICS	28	79-102		7BICS 28, 1981, 79-102;
McCall, M.	1982			3	CQ	32	228-30		3CQ 32, 1982, 228-30.
Madvig, J.N.	1871	Adversaria critica ad scriptores Graec. et Lat.	Hauniae		1		I	189-206		Madvig, J.N., Adversaria critica ad scriptores Graec. et Lat., Hauniae 1871, I 189-206.
Mahly, J.	1867			1	N. Jb.	95	425-49 + 539-64		*N. Jb. 95, 1867, 425-49 + 539-64;
Mahly, J.	1889			2	Blatter f. d. bayer. Gymnasialwesen	25	229-44	(non vidi)	*Blatter f. d. bayer. Gymnasialwesen 25, 1889, 229-44 (non vidi).
Marckscheffel, G.	1847			1	Rh. M.	5	161-215		Marckscheffel, G., Rh. M. 5, 1847, 161-215.
Margoliouth, D.S.	1883	Studia scaenica	Lond.		1				‘Studia scaenica, Lond. 1883;
Margoliouth, D.S.	1884	Aeschyli Agamemno	Lond.		2				*Aeschyli Agamemno, Lond. 1884.
Markland, J.	1763	Eur. Suppl. et Iph. in Aul. et in Taur.	Lond.		1				‘Eur. Suppl. et Iph. in Aul. et in Taur., Lond. 1763;
Markland, J.		marginalia in exemplari ed. Canter.			2			Bibl. Britann. 996 a.8.	*marginalia in exemplari ed. Canter., Bibl. Britann. 996 a.8.
Martin, J.F.	1837	Observationes criticae in Aeschyli Oresteam etc.	Posen		1			Progr.	*Observationes criticae in Aeschyli Oresteam etc., Progr. Posen 1837;
Martin, J.F.	1858	De Horatii carminum lib. II 1 et I 28 etc.	Posen		2		15-25	Progr.	*De Horatii carminum lib. II 1 et I 28 etc., Progr. Posen 1858, 15-25;
Martin, J.F.	1870			3	Rh. M.	25	441		*Rh. M. 25, 1870, 441.
Martini, B.	1605	Variarum lectionum libri iv	Paris.		1				Martini, B., Variarum lectionum libri iv, Paris. 1605.
Mastronarde, D.J.	1979	Contact and Discontinuity	Berkeley		1		115 sq.		Mastronarde, D.J., Contact and Discontinuity, Berkeley 1979, 115 sq.
Mazon, P.	1920	Eschyle I (Supp. Pers. Sept. Prom.)	Paris		1				Eschyle I (Supp. Pers. Sept. Prom.), Paris 1920;
Mazon, P.	1925	II (Orestea)	Paris		2				II (Orestea), Paris 1925.
Meffert, F.	1861	Quaestiones criticae in Supplices Aeschyleas	Vratisl.		1				Meffert, F., Quaestiones criticae in Supplices Aeschyleas, Vratisl. 1861.
Mehler, E.	1857			1	Mnem.	6	86-111		Mehler, E., Mnem. 6, 1857, 86-111.
Meineke, A.	1823	Menandri et Philemonis reliquiae	Berol.		1				‘Menandri et Philemonis reliquiae, Berol. 1823;
Meineke, A.	1863	Soph. Oed. Col.	Berol.		2				*Soph. Oed. Col., Berol. 1863;
Meineke, A.	1863			3	Philol.	19	193-240		*Philol. 19, 1863, 193-240;
Meineke, A.	1863			4	Philol.	20	51-75		‘ib. 20, 1863, 51-75.
Mekler, S.	1882	Lectionum Graecarum specimen	Vindob.		1				Mekler, S., Lectionum Graecarum specimen, Vindob. 1882.
Merkel, R.	1857	Aeschylus. Eumenides	Gothae		1				‘Aeschylus. Eumenides, Gothae 1857;
Merkel, R.	1863	Zur Aeschylus-Kritik u. Erklarung	Schleusingen		2			Progr. (non vidi)	*Zur Aeschylus-Kritik u. Erklarung, Progr. Schleusingen 1863 (non vidi);
Merkel, R.	1869	Aeschylus. Persae	Lips.		3				Aeschylus. Persae, Lips. 1869.
Merkelbach, R.	1959	(H. Dahimann et R.M. ed.) Studien z. Textgeschichte u. Textkritik	Koln — Opladen		1		168-75		(H. Dahimann et R.M. ed.) Studien z. Textgeschichte u. Textkritik, Koln — Opladen 1959, 168-75;
Merkelbach, R.	1974	Kritische Beitrage zu antiken Autoren	Meisenheim		2				*Kritische Beitrage zu antiken Autoren, Meisenheim 1974.
Metzger, K.	1876	Beitrage zu Aeschylus	Schweinfurt		1			Progr. (nihil horum vidi)	Beitrage zu Aeschylus, Progr. Schweinfurt 1876;
Metzger, K.	1885			2	Blatter f. d. bayer. Gymnasialswesen	21	298-300	(nihil horum vidi)	Blatter f. d. bayer. Gymnasialswesen 21, 1885, 298-300
Metzger, K.	1886			3	Blatter f. d. bayer. Gymnasialswesen	22	275-7	(nihil horum vidi)	et 22, 1886, 275-7 (nihil horum vidi).
Meyer, W.				1			ap. Wecklein"'.	Meyer, W., ap. Wecklein"'.
Minckwitz, J.	1839	Aeschyli Prom. Vinctus	Leipzig		1				Minckwitz, J., Aeschyli Prom. Vinctus, Leipzig 1839.
Monk, J.H.	1811			1	Quarterly Review	5	203-29		‘Quarterly Review 5, 1811, 203-29;
Monk, J.H.	1811	Euripidis Hippolytus Coronifer	Cantabr.		2				Euripidis Hippolytus Coronifer, Cantabr. 1811;
Monk, J.H.				3			ap. Blomfield’,	*ap. Blomfield’,
Morell, T.	1767	Aeschyli Prom. Vinctus	Lond.		1				Morell, T., Aeschyli Prom. Vinctus, Lond. 1767.
Miller, 1.E.P.	1867	Observationes criticae in Aesch. Choephoros	Erlangen		1				Miller, 1.E.P., Observationes criticae in Aesch. Choephoros, Erlangen 1867.
Miller, (K.) O.	1832			1	Allgem. Schulzeitung	1832(2)	859-77	(= Kl. deutsche Schr. I, Breslau 1847, 470-87)	+Allgem. Schulzeitung 1832(2) 859-77 (= Kl. deutsche Schr. I, Breslau 1847, 470-87);
Miller, (K.) O.	1833	Aeschylos. Eumeniden	Göttingen		2				*Aeschylos. Eumeniden, Göttingen 1833;
Miller, (K.) O.	1834	Nebst zwei polemischen Anhangen			3				—- Nebst zwei polemischen Anhangen, 1834;
Miller, (K.) O.	1834			4	GGA			(= KI. Schr. I 273-83)	>GGA 1834 (= KI. Schr. I 273-83);
Miller, (K.) O.	1836			5	ZA	3	14-44		*ZA 3, 1836, 14-44;
Miller, (K.) O.	1837			6	Rh. M.	5	369 n.11	(= KI. Schr. 1515 sq.)	“Rh. M. 5, 1837, 369 n.11 (= KI. Schr. 1515 sq.).
Muretus, M.A.	1604			1		II 973	ap. J. Gruter, Lampas sive fax Artium liberalium, Francofurti 1604	Muretus, M.A., ap. J. Gruter, Lampas sive fax Artium liberalium, Francofurti 1604, II 973.
Murray, G.	1937	Aeschyli septem quae supersunt tragoediae	Oxon.		1				Aeschyli septem quae supersunt tragoediae, Oxon. 1937;
Murray, G.	1955				2				71955,
Musgrave, S. (1739-82)	1746	marginalia in exemplari ed. Glasgu.			1			Bibl. Britann. C.45.c,21—22.	Musgrave, S. (1739-82), marginalia in exemplari ed. Glasgu. 1746, Bibl. Britann. C.45.c,21—22.
Naber, S.A.	1873			1	Mnem.	n.s. 1	320		‘Mnem. n.s. 1, 1873, 320;
Naber, S.A.	1881			2	ib. (Mnem.)	9	61-103		*ib. 9, 1881, 61-103;
Naber, S.A.	1881			3	ib. (Mnem.)	9	215		3ib. 215.
Nagelsbach, C.F.	1843	De religionibus Orestiam Aeschyli continentibus	Erlangen		1			Progr.	‘De religionibus Orestiam Aeschyli continentibus, Progr. Erlangen 1843;
Nagelsbach, C.F.	1863	Aeschylus. Agamemnon	Erlangen		2				*Aeschylus. Agamemnon, Erlangen 1863.
Nauck, A.	1849			1	Philol.	4	192		*Philol. 4, 1849, 192;
Nauck, A.	1855	De tragicorum Graec. fragmentis observationes criticae	Berol.		2				*De tragicorum Graec. fragmentis observationes criticae, Berol. 1855;
Nauck, A.				3			ap. Schwerdt?	*ap. Schwerdt?;
Nauck, A.	1862	Euripideische Studien II	Leipzig		4				*Euripideische Studien II, Leipzig 1862;
Nauck, A.	1872			5	Bull. Acad. Sciences de St.-Pétersbourg	17	241-3	(= Mélanges gréco-romains TH, 1874, 295-8)	‘Bull. Acad. Sciences de St.-Pétersbourg 17, 1872, 241-3 (= Mélanges gréco-romains TH, 1874, 295-8);
Nauck, A.	1877			6	ib. (Bull. Acad. Sciences de St.-Pétersbourg)	22	76-83	(= Mel. IV, 1880, 198-208)	Sib. 22, 1877, 76-83 (= Mel. IV, 1880, 198-208);
Nauck, A.	1880			7	ib. (Bull. Acad. Sciences de St.-Pétersbourg)	26	190-3	(= Mél. IV 704-8)	7ib. 26, 1880, 190-3 (= Mél. IV 704-8);
Nauck, A.	1886			8	ib. (Bull. Acad. Sciences de St.-Pétersbourg)	30	22-9	(= Mel. V, 1888, 184-94)	ib. 30, 1886, 22-9 (= Mel. V, 1888, 184-94);
Nauck, A.	1892	Tragicae dictionis index spectans ad tragicorum Graec. fragmenta	Petropoli		9				°Tragicae dictionis index spectans ad tragicorum Graec. fragmenta, Petropoli 1892.
Needham, P. (1680-1731)		marginalia in exemplari ed. Stanl.			1			Cantabr. Bibl. Univ. Adv. 2.64.1.	Needham, P. (1680-1731), marginalia in exemplari ed. Stanl., Cantabr. Bibl. Univ. Adv. 2.64.1.
Newman, F. W.	1884	Comments on the text of Aeschylus	Lond.		1				‘Comments on the text of Aeschylus, Lond. 1884;
Newman, F. W.	1890	Supplement to Studies in Aesch. and Notes on Eur.	Lond.		2				Supplement to Studies in Aesch. and Notes on Eur., Lond. 1890.
Nikitin, P.	1876			1	Zhurnal Ministerstva Narodnogo Prosveséeniya	Oct.			Nikitin, P., Zhurnal Ministerstva Narodnogo Prosveséeniya, Oct. 1876.
Oberdick, J.	1869	Aeschylus. Die Schutzflehenden	Berlin		1				‘Aeschylus. Die Schutzflehenden, Berlin 1869;
Oberdick, J.	1877	De exitu fab. Aesch. quae S.c. Th. inscribitur commentatio	Arnsberg		2			Progr. (non vidi)	7De exitu fab. Aesch. quae S.c. Th. inscribitur commentatio, Progr. Arnsberg 1877 (non vidi).
Orelli, J.C.	1814	Tooxedtovc Adyos nEQi tig avtddcEws	Ziirich		1		367—98		*Tooxedtovc Adyos nEQi tig avtddcEws, Ziirich 1814, 367—98;
Orelli, J.C.	1819	Philol. Beitrage aus d. Schweiz, hrsg. Bremi u. Doderlein	Ztirich		2		193-210		*Philol. Beitrage aus d. Schweiz, hrsg. Bremi u. Doderlein, Ztirich 1819, 193-210.
Page, D.L.	1957	(cum J.D. Denniston) Aeschylus. Agamemnon	Oxford		1				‘(cum J.D. Denniston) Aeschylus. Agamemnon, Oxford 1957;
Page, D.L.				2			ap. Broadhead?	?ap. Broadhead?;
Page, D.L.	1972	Aeschyli septem quae supersunt tragoediae	Oxon.		3				*Aeschyli septem quae supersunt tragoediae, Oxon. 1972.
Paley, F.A.	1844-7	Aeschyli quae supersunt omnia	Cantabr.		1				‘Aeschyli quae supersunt omnia, Cantabr. 1844-7;
Paley, F.A.	1855	The Tragedies of Aeschylus	Lond.		2				2The Tragedies of Aeschylus, Lond. 1855;
Paley, F.A.	1861	idem ed. 1861			3				idem ed. 1861;
Paley, F.A.	1870	idem ed. 1870			4				tidem ed. 1870;
Paley, F.A.	1879	idem ed. 1879			5				‘idem ed. 1879;
Paley, F.A.	1883	Aeschyli fabulae ‘Inétideg Xongo-gol	Cantabr.		6				‘Aeschyli fabulae ‘Inétideg Xongo-gol, Cantabr. 1883;
Paley, F.A.	1889	The ‘Libation-bearers’ of Aeschylus	Cambr. — Lond.		7				’The ‘Libation-bearers’ of Aeschylus, Cambr. — Lond. 1889.
Pallis, A.				1			ap. Wecklein’®.	Pallis, A., ap. Wecklein’®.
Palmer, A.	1890			1	Hermathena	7	213		Palmer, A., Hermathena 7, 1890, 213.
Papageorgios, P.N.	1888			1	N. Jb. Supp.	16	221-47		Papageorgios, P.N., N. Jb. Supp. 16, 1888, 221-47.
Pasquali, G.	1929			1	SIFC	7	225-33		Pasquali, G., SIFC 7, 1929, 225-33.
Passow, W.	1818	Meletemata crit. in Aesch. Persas	Bratisl.		1			(= Opuse. acad., Lips. 1835, 1-85)	‘Meletemata crit. in Aesch. Persas, Bratisl. 1818 (= Opuse. acad., Lips. 1835, 1-85);
Passow, W.				2			ap. Wellauer?	ap. Wellauer?;
Passow, W.	1832	Observationes in parodum Aeschyleae S.c. Th. fabulae	Bratisl.		3			Ind. lect. (= Opusc. 94-108)	7Observationes in parodum Aeschyleae S.c. Th. fabulae, Ind. lect. Bratisl. 1832 (= Opusc. 94-108);
Passow, W.				4			ap. Enger? 27.	‘ap. Enger? 27.
Pauw, J.C. de	1745	Aeschyli Tragoediae superstites	Hagae Comitum		1				Pauw, J.C. de, Aeschyli Tragoediae superstites, Hagae Comitum 1745,
Pearson, J. (1612-86)		marginalia in exemplari ed. Vict.	Oxon.		1			Bibl. Bodl. MS. Rawl. G 193	'marginalia in exemplari ed. Vict., Oxon. Bibl. Bodl. MS. Rawl. G 193;
Pearson, J. (1612-86)				2			ap. Stanley?	2ap. Stanley?;
Pearson, J. (1612-86)				3			ap. Stanley’	ap. Stanley’.
Peile, T. W.	1839	The Agamemnon of Aesch.	Lond.		1				The Agamemnon of Aesch., Lond. 1839;
Peile, T. W.	1840	The Choephoroe of Aesch.	Lond.		2				The Choephoroe of Aesch., Lond. 1840,
Peiper, R.	1862	Aeschyli Supplices v. 776-909 recensuit et Latinis numeris reddidit	Breslau		1				Peiper, R., Aeschyli Supplices v. 776-909 recensuit et Latinis numeris reddidit, Breslau 1862.
Peters, L.	1859	Zur Kritik u. Erklarung des Prologs u. der Parodos im aeschyleischen Agamemnon	Heiligenstadt		1			Progr.	Peters, L., Zur Kritik u. Erklarung des Prologs u. der Parodos im aeschyleischen Agamemnon, Progr. Heiligenstadt 1859.
Petersen, F.C.(?)				1			locum non inveni.	Petersen, F.C.(?): locum non inveni.
Pierson, J.	1752	Verisimilium libri If	Lugd. Bat.		1				‘Verisimilium libri If, Lugd. Bat. 1752;
Pierson, J.	1756	Moeridis lexicon	Lugd. Bat.		2				*Moeridis lexicon, Lugd. Bat. 1756.
Platt, A.	1897			1	CR	11	94-8		*CR 11, 1897, 94-8;
Platt, A.	1913			2	J.Ph.	32	43-71		2J.Ph. 32, 1913, 43-71;
Platt, A.	1920			3	J.Ph.	35	86-94		ib. 35, 1920, 86-94,
Podlecki, A. J.	1975			1	Antichthon	9	1-3		‘Antichthon 9, 1975, 1-3;
Podlecki, A. J.	1989	Aeschylus. Eumenides	Warminster		2				2 Aeschylus. Eumenides, Warminster 1989,
Pohlenz, M.	1930			1	GGA	192	440-8		*GGA 192, 1930, 440-8;
Pohlenz, M.	1930	Die griech. Tragédie	Leipzig & Berlin		2			(2. Aufl. Göttingen 1954)	*Die griech. Tragédie, Leipzig & Berlin 1930 (2. Aufl. Göttingen 1954).
Porson, R.	1806	Aeschyli tragoediae	Lond.		1			(ante decennium paratus erat liber)	*Aeschyli tragoediae, Lond. 1806 (ante decennium paratus erat liber);
Porson, R.	1797	Eur. Hecuba	Lond.		2				*Eur. Hecuba, Lond. 1797;
Porson, R.	1798	Eur. Orestes	Lond.		3				*Eur. Orestes, Lond. 1798;
Porson, R.	1801	Eur. Medea	Lond.		4				*Eur. Medea, Lond. 1801;
Porson, R.	1809/10			5	Edinburgh Review	15	320	ap. Blomfield	‘ap. Blomfield, Edinburgh Review 15, 1809/10, 320;
Porson, R.	1812	Adversaria	Cambr.		6				‘Adversaria, Cambr. 1812;
Porson, R.	1813			7	CJ	7	456-8		7CJ 7, 1813, 456-8;
Porson, R.	1813			8	CJ	8	181-4		*ib. 8, 1813, 181-4;
Porson, R.	1815	Tracts and Miscellaneous Criticisms	Lond.		9				°Tracts and Miscellaneous Criticisms, Lond. 1815.
Portus, F. (1511-81)	(post 1568)	Commentaria in Aeschyli tragoedias (inedita)	Lugd. Bat.		1			Bibl. Univ. B. P. L. 180	*Commentaria in Aeschyli tragoedias (inedita), Lugd. Bat. Bibl. Univ. B. P. L. 180 (post 1568);
Portus, F. (1511-81)	(post 1573)	marginalia in exemplari ed. Vict.			2			Bibl. eiusdem 756 D 22	*marginalia in exemplari ed. Vict., Bibl. eiusdem 756 D 22 (post 1573);
Portus, F. (1511-81)		coniecturae ab aliis Porto adscriptae			3			(v. pp. XXIII sq.)	*coniecturae ab aliis Porto adscriptae (v. pp. XXIII sq.).
Powell, J.U.	1917			1	CQ	11	141-5		Powell, J.U., CQ 11, 1917, 141-5.
Preuss, C.	1864	De enuntiatorum temporalium ap. poetas trag. Graec. usu ac ratione I	Greifswald		1			Diss. (non vidi)	Preuss, C., De enuntiatorum temporalium ap. poetas trag. Graec. usu ac ratione I, Diss. Greifswald 1864 (non vidi).
Prien, C.	1848			1	Rh.M.	6	161-93		*Rh.M. 6, 1848, 161-93;
Prien, C.	1848			2	Rh.M.	6	561-78		ib. 561-78;
Prien, C.	1850			3	Rh.M.	7	208-45		*ib. 7, 1850, 208-45;
Prien, C.	1850			4	Rh.M.	7	370-90		*ib. 370~90;
Prien, C.	1854			5	Rh.M.	9	217-40 + 392-421		Sib. 9, 1854, 217-40 + 392-421;
Prien, C.	1856	Beitrage zut Kritik von Aeschylos’ Sieben vor Theben	Liibeck		6			Progr.	*Beitrage zut Kritik von Aeschylos’ Sieben vor Theben, Progr. Liibeck 1856;
Prien, C.	1858	eorundem Part. II	Liibeck		7			Progr.	’eorundem Part. II, Progr. Liibeck 1858.
Proctor, R. (et F.G. Kenyon)	1904	AioybAov ‘Opgote1a	Lond.		1				Proctor, R. (et F.G. Kenyon), AioybAov ‘Opgote1a, Lond. 1904.
Quincey, J.H.	1962			1	CQ	12	182-6		‘CQ 12, 1962, 182-6;
Quincey, J.H.	1963			2	JHS	83	118-32		*JHS 83, 1963, 118-32;
Quincey, J.H.	1977			3	Rh. M.	120	138-45		3Rh. M. 120, 1977, 138-45.
Radermacher, L.	1919			1	Wien. St.	41	1-8		*Wien. St. 41, 1919, 1-8;
Radermacher, L.				2			ap. Murray’	7ap. Murray’.
Rauchenstein, R.	1846	Zu d. Eumeniden des Aeschylus	Aarau		1			Progr.	‘Zu d. Eumeniden des Aeschylus, Progr. Aarau 1846;
Rauchenstein, R.	1856			2	N. Jb.	73	523-50		?N. Jb. 73, 1856, 523-50;
Rauchenstein, R.	1858	Emendationes in Aeschyli Agamemnonem	Aarau		3			Progr.	?Emendationes in Aeschyli Agamemnonem, Progr. Aarau 1858;
Rauchenstein, R.	1878			4	N. Jb.	117	171-6		*N. Jb. 117, 1878, 171-6.
Reisig, C.K.	1816	Coniectaneorum in Aristophanem liber primus	Lips.		1				*Coniectaneorum in Aristophanem liber primus, Lips. 1816;
Reisig, C.K.	1820-3	Soph. Oed. Col.	Jena		2				*Soph. Oed. Col., Jena 1820-3;
Reisig, C.K.	1832			3		xix-xxxii	ap. F. Ritschl (ed.), Apparatus crit. et exeg. in Aesch. tragg. (Halle 1832) (= Ritschl, Opuscula phil., Leipzig 1866, I 378-93)	*ap. F. Ritschl (ed.), Apparatus crit. et exeg. in Aesch. tragg. (Halle 1832) J xix-xxxii (= Ritschl, Opuscula phil., Leipzig 1866, I 378-93).
Rhode, E.	1858	De Aesch. Agam. quarto episodio	Bratisl.		1			Diss. (non vidi)	Rhode, E., De Aesch. Agam. quarto episodio, Diss. Bratisl. 1858 (non vidi).
Ribbeck, O.	1859	Qua Aeschylus arte in Promethei fabula diverbia composuerit	Bern		1			Progr. (non vidi)	Ribbeck, O., Qua Aeschylus arte in Promethei fabula diverbia composuerit, Progr. Bern 1859 (non vidi).
Richards, H.				1			locum non inveni.	Richards, H.: locum non inveni.
Risberg, B.	1891	De non nullis locis Agamemnonis Aeschyleae scribendis et interpretandis	Upsaliae		1				‘De non nullis locis Agamemnonis Aeschyleae scribendis et interpretandis, Upsaliae 1891;
Risberg, B.	1895			2	Philol.	54	178-81		*Philol. 54, 1895, 178-81.
Ritschl, F.W.	1829	Schedae criticae	Halle		1			Diss. (= Opuscula phil., Leipzig 1866, I 702-43)	'Schedae criticae, Diss. Halle 1829 (= Opuscula phil., Leipzig 1866, I 702-43);
Ritschl, F.W.				2		36-46	ap. Enger (= Opusc. phil. V, 1879, 224-31)	?ap. Enger 36-46 (= Opusc. phil. V, 1879, 224-31);
Ritschl, F.W.	1842			3	Rh. M.	1	143-4	(= Opusc. I 746-8)	*Rh. M. 1, 1842, 143-4 (= Opusc. I 746-8);
Ritschl, F.W.	1857	Disputatio de Aeschyli S. adv. Th. v. 254-261	Bonn		4			Ind. lect. (= Opusc. I 365-77)	“Disputatio de Aeschyli S. adv. Th. v. 254-261, Ind. lect. Bonn 1857 (= Opusc. I 365-77);
Ritschl, F.W.	1858, 1859, 1860			5	N. Jb.	77, 79, 81	760-801 + 96 + 824	(= Opusc. I 300-64)	°N. Jb. 77, 1858, 760-801 + 79, 1859, 96 + 81, 1860, 824 (= Opusc. I 300-64).
Roberts, C.H.	1954	The Oxyrhynchus Papyri XXII	Lond.		1		101		Roberts, C.H., The Oxyrhynchus Papyri XXII, Lond. 1954, 101.
Robertson, D.S.				1			ap. Murray*	‘ap. Murray*;
Robertson, D.S.	1937			2	CR	51	162		7CR 51, 1937, 162;
Robertson, D.S.	1944			3	CR	58	34-5		3ib. 58, 1944, 34-5,
Robortello, F.	1552	Aeschyli Tragoediae septem	Venetiis		1				Robortello, F., Aeschyli Tragoediae septem, Venetiis 1552.
Rogers, A. M.	1894	Emendations in Aeschylus	Baltimore		1				Rogers, A. M., Emendations in Aeschylus, Baltimore 1894.
Romahn, B.	1866	Quaestiones Aeschyleae	Rossel		1			Progr.	Romahn, B., Quaestiones Aeschyleae, Progr. Rossel 1866.
Rose, H. J.	1957-8	A Commentary on the surviving plays of Aeschylus	Amsterdam		1				Rose, H. J., A Commentary on the surviving plays of Aeschylus, Amsterdam 1957-8.
Rossbach, A.	1859	De Choephororum locis nonnullis commentatio	Bratisl.		1			Ind. lect. (neutrum vidi)	Rossbach, A., De Choephororum locis nonnullis commentatio, Ind. lect. Bratisl. 1859;
Rossbach, A.	1862	De Choephororum cantico quinto commentatio	ibid.		2			(neutrum vidi)	De Choephororum cantico quinto commentatio, ibid. 1862 (neutrum vidi).
Roussel, L.	1960	Eschyle. Les Perses	Paris		1				Roussel, L., Eschyle. Les Perses, Paris 1960.
Rutgers, J.	1618	Variae Lectiones	Lugd. Bat.		1				Rutgers, J., Variae Lectiones, Lugd. Bat. 1618.
Rutherford, W.G.	1888			1	CR	2	291-2		Rutherford, W.G., CR 2, 1888, 291-2.
Salmasius, C.	1629	Plinianae exercitationes in C. Jul. Solini Polyhistora	Paris.		1				Salmasius, C., Plinianae exercitationes in C. Jul. Solini Polyhistora, Paris. 1629.
Salvini, A. M.	1715			1			in collatione codicis M anno 1715 in Petri Needham usum facta, Cantabr. Bibl. Univ. MS. Nn.ii.32.	Salvini, A. M., in collatione codicis M anno 1715 in Petri Needham usum facta, Cantabr. Bibl. Univ. MS. Nn.ii.32.
Salzmann, G.G.	1822	Observationum in Aesch. Agam. specimen	Berol.		1				Salzmann, G.G., Observationum in Aesch. Agam. specimen, Berol. 1822.
Sansone, D.	1984			1	Hermes	112	1-9		Sansone, D., Hermes 112, 1984, 1-9,
Scaliger, J.J. (1540-1609)	1573	M.T. Varronis opera	Paris.		1				1M.T. Varronis opera, Paris. 1573;
Scaliger, J.J. (1540-1609)		marginalia in exemplari ed. Vict.	Lugd. Bat.		2			Bibl, Univ. 756 D 21.	*marginalia in exemplari ed. Vict., Lugd. Bat. Bibl, Univ. 756 D 21.
Schadewaldt, W.	1932			1	Hermes	67	312-54	(= Hellas u. Hesperien, 2. Aufl., Ziirich — Stuttgart 1970, 1 249-84)	‘Hermes 67, 1932, 312-54 (= Hellas u. Hesperien, 2. Aufl., Ziirich — Stuttgart 1970, 1 249-84);
Schadewaldt, W.	1961			2		105—16	Eranion, Festschr. H. Hommel, Tiibingen 1961 (= Hell. u. Hesp. I 357-67)	*Eranion, Festschr. H. Hommel, Tiibingen 1961, 105—16 (= Hell. u. Hesp. I 357-67).
Scheer, E.	1912			1	Rh. M.	67	481-514		*Rh. M. 67, 1912, 481-514;
Scheer, E.	1914	Studien zu d. Dramen des Aeschylos	Leipzig		2				*Studien zu d. Dramen des Aeschylos, Leipzig 1914.
Schiller, L.	1850	Krit. u. exeg. Bemerkungen zu d. Persern des Aeschylus	Erlangen		1			Progr. (non vidi)	' Krit. u. exeg. Bemerkungen zu d. Persern des Aeschylus, Progr. Erlangen 1850 (non vidi);
Schiller, L.	1869	Aeschylus. Perser	Berlin		2				Aeschylus. Perser, Berlin 1869,
Schmidt, F. W.	1886	Krit. Studien zu den griech. Dramatikern I	Berlin		1		1-112		Schmidt, F. W., Krit. Studien zu den griech. Dramatikern I, Berlin 1886, 1-112.
Schmidt, J.H.H.	1868	Die Kunstformen der griech. Poesie u. ihre Bedeutung I	Leipzig		1				Schmidt, J.H.H., Die Kunstformen der griech. Poesie u. ihre Bedeutung I, Leipzig 1868.
Schmidt, L.	1858			1	Zeitschr. £. d. Gymnasialwesen	12	541-5		Zeitschr. £. d. Gymnasialwesen 12, 1858, 541-5;
Schmidt, L.	1875	Supplementi in lexicon Aeschyleum a Dindorfio compositum specimen	Berol.		2			(non vidi)	Supplementi in lexicon Aeschyleum a Dindorfio compositum specimen, Berol. 1875 (non vidi).
Schmidt, M.	1857			1	ZA	15	468-77		*ZA 15, 1857, 468-77;
Schmidt, M.	1858-68	Hesychii Alexandrini Lexicon	Jena		2				*Hesychii Alexandrini Lexicon, Jena 1858-68;
Schmidt, M.	1860			3	Philol.	16	161-3		*Philol. 16, 1860, 161-3;
Schmidt, M.	1863			4	Neues Schweiz. Museum	3	219-34		*Neues Schweiz. Museum 3, 1863, 219-34;
Schmidt, M.	1864			5	Rh. M.	19	627-31		‘Rh. M. 19, 1864, 627-31;
Schmidt, M.	1865			6	Zeitschr. Osterr. Gymn.	16	553-85		*Zeitschr. Osterr. Gymn. 16, 1865, 553-85;
Schmidt, M.	1871			7	Rh. M.	26	203-7, 222-4		"Rh. M. 26, 1871, 203-7, 222-4.
Schmitt, J.C.	1859	Observationes criticae in Aesch. Agam.	Mannheim		1			Progr.	Schmitt, J.C., Observationes criticae in AAesch. Agam., Progr. Mannheim 1859,
Schmitt, R.	1978			1	Sitz.-Ber. Osterr. Ak.	337(6)			Schmitt, R., Sitz.-Ber. Osterr. Ak. 337(6), 1978.
Schneider, G.C.W.	1834	Aeschylus. Prom. u. Sieben gegen Thebai	Weimar & Leipzig		1				Aeschylus. Prom. u. Sieben gegen Thebai, Weimar && Leipzig 1834;
Schneider, G.C.W.	1837	Die Perser	ib.		2				Die Perser, ib. 1837;
Schneider, G.C.W.	1839	Agamemnon	ib.		3				Agamemnon, ib. 1839,
Schneider, J.G.				1			locum non inveni.	Schneider, J.G.: locum non inveni.
Schneidewin, F. W.	1833	Ibyci carminum reliquiae	Göttingen		1				‘Ibyci carminum reliquiae, Göttingen 1833;
Schneidewin, F. W.	1839	Conjectanea critica	ib.		2				*Conjectanea critica, ib, 1839;
Schneidewin, F. W.	1841	Emendationes Aeschyleae	Géttingen		3			Ind. lect. hib. (non vidi)	7Emendationes Aeschyleae, Ind. lect. hib. Géttingen 1841 (non vidi);
Schneidewin, F. W.	1854			4	Philol.	9	159-60		*Philol. 9, 1854, 159-60;
Schneidewin, F. W.	1856	Aeschylos. Agamemnon, hrsg. E. von Leutsch, erkl. F.W.S.	Berlin		5				*Aeschylos. Agamemnon, hrsg. E. von Leutsch, erkl. F.W.S., Berlin 1856.
Scholl, A.	1848			1	Allgem. Literatur-Zeitung	II	397		Scholl, A., Allgem. Literatur-Zeitung 1848, II 397.
Schoemann, G.F.	1845	Aeschylus. Die Eumeniden	Greifswald		1				‘Aeschylus. Die Eumeniden, Greifswald 1845;
Schoemann, G.F.	1854	Emendationes Agamemnonis Aeschyleae	Greifswald		2			Ind. lect. (= Opuscula acad. II, Berol. 1858, 140-84)	*Emendationes Agamemnonis Aeschyleae, Ind. lect. Greifswald 1854 (= Opuscula acad. II, Berol. 1858, 140-84);
Schoemann, G.F.	1863/4	Animadvy. diorthoticae	Greifswald		3			Ind. lect. (= Opusc. acad. IV, 1871, 145-69)	3Animadvy. diorthoticae, Ind. lect. Greifswald 1863/4 (= Opusc. acad. IV, 1871, 145-69);
Schoemann, G.F.	1877			4	N. Jb.	115	1-24, 81-105		*N. Jb. 115, 1877, 1-24, 81-105.
Schoene, F.T.	1830	Conjectaneorum in tragicos Graecos caput singulare	Stendal		1			Progr. (non vidi)	Schoene, F.T., Conjectaneorum in tragicos Graecos caput singulare, Progr. Stendal 1830 (non vidi).
Scholefield, J.	1828	Aeschyli Tragoediae	Cantabr.		1				Scholefield, J., Aeschyli Tragoediae, Cantabr. 1828.
Schroeder, O.	1907	Aeschyli Cantica	Lips.		1				‘Aeschyli Cantica, Lips. 1907;
Schroeder, O.	1915			2	Jahresber. d. Phil. Vereins Berl.	41	621		*Jahresber. d. Phil. Vereins Berl. 41, 1915, 621;
Schroeder, O.	1916	Aeschyli Cantica, ed. alt.	Lips.		3				*Aeschyli Cantica, ed. alt., Lips. 1916;
Schroeder, O.	1933			4	Hermes	68	127-8		“Hermes 68, 1933, 127-8.
Schiitz, (C.G.,)	1780	Commentationum in Aesch. Agam. libellus I	Jena		1				'Commentationum in Aesch. Agam. libellus I, Jena 1780;
Schiitz, (C.G.,)	1782-97	Aeschyli Tragoediae	Halae		2				*Aeschyli Tragoediae, Halae 1782-97;
Schiitz, (C.G.,)	1794	Observationes in Aesch. Eum. v. 492 sq.	Jena		3			(= Opuscula philol. et philos., Halae 1830, 22-8)	*Observationes in Aesch. Eum. v. 492 sq., Jena 1794 (= Opuscula philol. et philos., Halae 1830, 22-8);
Schiitz, (C.G.,)	1795	Diatribe, qua Aeschyli canticum Cho. v. 583 sq. multis locis emendatur et explicatur	Jena		4			(= Opusc. 38-51)	*Diatribe, qua Aeschyli canticum Cho. v. 583 sq. multis locis emendatur et explicatur, Jena 1795 (= Opusc. 38-51);
Schiitz, (C.G.,)	1800	Carmen Aeschyli antistrophicum in Cho. 312-475 transpositione stropharum restitutum	Jena		5			(= Opusc. 60-73)	‘Carmen Aeschyli antistrophicum in Cho. 312-475 transpositione stropharum restitutum, Jena 1800 (= Opusc. 60-73);
Schiitz, (C.G.,)	1808-11	Aeschyli Tragoediae, ed. nova auctior et emendatior	Halae		6				*Aeschyli Tragoediae, ed. nova auctior et emendatior, Halae 1808-11.
Schiitz, G.H.	1856	Commentatio: Symbola Aeschylea	Tanglimi		1				Schiitz, G.H., Commentatio: Symbola Aeschylea, Tanglimi 1856.
Schulze, W.	1888			1	KZ	29	230-55	(= KI. Schr., Göttingen 1934, 330-49)	*KZ 29, 1888, 230-55 (= KI. Schr., Göttingen 1934, 330-49);
Schulze, W.	1893			2	Hermes	28	25—9	(= KI]. Schr. 400-3)	*Hermes 28, 1893, 25—9 (= KI]. Schr. 400-3);
Schulze, W.	1932	Symbolae philologicae O. A. Danielsson octogen. dicatae	Upsaliae		3		299-304	(= KI. Schr. 321-5)	*Symbolae philologicae O. A. Danielsson octogen. dicatae, Upsaliae 1932, 299-304 (= KI. Schr. 321-5).
Schwenck, K.	1818	Aeschylus. Septem c. Th.	Trajecti ad Rhenum		1				Aeschylus. Septem c. Th., Trajecti ad Rhenum 1818;
Schwenck, K.	1819	Choephori	ib. (Trajecti ad Rhenum)		2				Choephori, ib. 1819;
Schwenck, K.	1821	Eumenides	Bonnae		3				Eumenides, Bonnae 1821.
Schwerdt, F.I.	1856	Quaestiones Aeschyleae criticae	Minster		1			Diss.	‘Quaestiones Aeschyleae criticae, Diss. Minster 1856;
Schwerdt, F.I.	1858	Aeschylus. Supplices	Berlin		2				*Aeschylus. Supplices, Berlin 1858.
Seidler, A.	1811-12	De versibus dochmiacis tragicorum Graec.	Lips.		1				"De versibus dochmiacis tragicorum Graec., Lips. 1811-12;
Seidler, A.	1812	Eur. Troades	Lips.		2				*Eur. Troades, Lips. 1812.
Sidgwick, A.	1881	Aeschylus. Agamemnon	Oxford		1				1Aeschylus. Agamemnon, Oxford 1881;
Sidgwick, A.	1884	Aesch. Choephoroi	Oxford		2				*Aesch. Choephoroi, Oxford 1884;
Sidgwick, A.	1900	eiusdem ed. tertia			3				?eiusdem ed. tertia, 1900;
Sidgwick, A.	1900	Aeschyli Tragoediae	Oxon.		4				*Aeschyli Tragoediae, Oxon. 1900;
Sidgwick, A.	1903	Aeschylus. Persae	Oxford		5				‘Aeschylus. Persae, Oxford 1903.
Siebelis, C.G.	1794	De Aeschyli Persis diatribe	Lips.		1				Siebelis, C.G., De Aeschyli Persis diatribe, Lips. 1794.
Sikes, E.E., et Willson, St. J.B. Wynne	1898	The Prometheus Vinctus of Aeschylus	Lond.		1				Sikes, E.E., et Willson, St. J.B. Wynne, The Prometheus Vinctus of Aeschylus, Lond. 1898.
Snell, B.	1934			1	Gnomon	10	417	(= Gesammelte Schr., Göttingen 1966, 161)	‘Gnomon 10, 1934, 417 (= Gesammelte Schr., Göttingen 1966, 161);
Snell, B.	1955	Griechische Metrik	Géttingen		2		19 n.1)	(= ed. 4, 1982, 31 n.25)	*Griechische Metrik, Géttingen 1955, 19 n.1) (= ed. 4, 1982, 31 n.25).
Solmsen, F.	1909	Beitrage zur griech. Wortforschung I	Strassburg		1		257,		Solmsen, F., Beitrage zur griech. Wortforschung I, Strassburg 1909, 257.
Sommerstein, A.	1971			1	CR	21	1-3		*CR 21, 1971, 1-3;
Sommerstein, A.	1977			2	BICS	24	67-82		*BICS 24, 1977, 67-82;
Sommerstein, A.	1980			3	ib. (BICS)	27	63-75		ib. 27, 1980, 63-75.
Sonny				1	Zhurnal Ministerstva Narodnogo Frosveséeniya	1887 no. 5			Sonny, Zhurnal Ministerstva Narodnogo Frosveséeniya 1887 no. 5.
Sophianus, M.				1			ap. Robortellum.	Sophianus, M., ap. Robortellum.
Spanheim (Spanhemius), E.	1697	In Callimachi Hymnos observationes	Ultrajecti		1				In Callimachi Hymnos observationes, Ultrajecti 1697;
Spanheim (Spanhemius), E.				2			ap. Haupt’ (cf. C.G. Haupt, N. Jb. Supp. 1, 1831, 218-52). - Spanhemii commentarii inediti Berolini adservabantur, sed post annum 1945 non exstant.	*ap. Haupt’ (cf. C.G. Haupt, N. Jb. Supp. 1, 1831, 218-52). - Spanhemii commentarii inediti Berolini adservabantur, sed post annum 1945 non exstant.
Srebrny, S.	1950	Critica et exegetica in Aeschylum	Torun		1				Srebrny, S., Critica et exegetica in Aeschylum, Torun 1950.
author	year	title	publication_place	publisher	bibnumber	journal	volume	pages	notes	original_index_reference
Stadtmiuller, H.	1882	Festschr. z. 36. Versammlung deutscher Philologen u. Schulmanner zu Karlsruhe			1		59-75		'Festschr. z. 36. Versammlung deutscher Philologen u. Schulmanner zu Karlsruhe, 1882, 59-75;
Stadtmiuller, H.	1883	Eclogae Poetarum Graecorum	Lips.		2				*Eclogae Poetarum Graecorum, Lips. 1883;
Stadtmiuller, H.	1894			3	Blatter f. d. bayer. Gymnasialwesen	30	16-20, 613-6	(non vidi)	*Blatter f. d. bayer. Gymnasialwesen 30, 1894, 16-20, 613-6 (non vidi).
Stahl, J.M.	1875	Emendatio Aeschylea	Minster		1			Ind. lect. hib.	Stahl, J.M., Emendatio Aeschylea, Ind. lect. hib. Minster 1875.
Stanford, W.B.	1938			1	CPh	33	307-8		Stanford, W.B., CPh 33, 1938, 307-8.
Stanley, T.	1663	Aeschyli quae extant	Lond.		1				*Aeschyli quae extant, Lond. 1663;
Stanley, T.	1809—16	marginalia in exemplari ed. suae, Cantabr. Bibl. Univ. Adv. b.44			2			quae edidit Butler	*marginalia in exemplari ed. suae, Cantabr. Bibl. Univ. Adv. b.44, quae edidit Butler 1809—16;
Stanley, T.		alia in exemplari ed, Vict., Oxon. Bibl. Bod]. Auctar. S.VI.16.			3				#alia in exemplari ed, Vict., Oxon. Bibl. Bod]. Auctar. S.VI.16.
Starkie, W. J.M.	1900			1	Hermathena	11	157-79		Starkie, W. J.M., Hermathena 11, 1900, 157-79.
Stephanus, H.				1			ap. Victorium.	Stephanus, H., ap. Victorium.
Steusloff, B.				1			ap. Westphal! = 2 172.	Steusloff, B., ap. Westphal! = 2 172.
Stinton, T.C.W.	1965			1	CR	15	142-6		'CR 15, 1965, 142-6;
Stinton, T.C.W.	1967			2	PCPS	13	48-53		PCPS 13, 1967, 48-53;
Stinton, T.C.W.	1975			3	ib. (PCPS)	21	82-93		3ib. 21, 1975, 82-93;
Stinton, T.C.W.	1975			4	BICS	22	84-108		*BICS 22, 1975, 84-108;
Stinton, T.C.W.	1976			5	JHS	96	121-45		°JHS 96, 1976, 121-45;
Stinton, T.C.W.	1979			6	CQ	29	252-62		*CQ 29, 1979, 252-62;
Stinton, T.C.W.		commentarius in Prom. imperfectus et ineditus			7				7commentarius in Prom. imperfectus et ineditus;
Stinton, T.C.W.				8			per epistolas.	*per epistolas.
zu Stolberg, L.				1			ap. Voss 13.	zu Stolberg, L., ap. Voss 13.
Sudhaus, F.	1864	De Aeschyli stichomythiis	Treptow		1			Progr. (non vidi)	Sudhaus, F., De Aeschyli stichomythiis, Progr. Treptow 1864 (non vidi).
Sulzberger, M.R.	1945			1	Rev. Belge de Phil.	24	139-44		Sulzberger, M.R., Rev. Belge de Phil. 24, 1945, 139-44,
Sylburg, F.	1592	Clementis Alexandrini Opera	Heidelberg		1				Sylburg, F., Clementis Alexandrini Opera, Heidelberg 1592.
Tafel, G.L. F.	1828	Emendationum Aeschylearum specimen	Tübingen		1			Progr.	Tafel, G.L. F., Emendationum Aeschylearum specimen, Progr. Tübingen 1828.
Taplin, O.	1977	The Stagecraft of Aeschylus	Oxford		1				Taplin, O., The Stagecraft of Aeschylus, Oxford 1977,
Taube				1			ap. Oberdick?.	Taube, ap. Oberdick?.
Teuffel, W.S.	1866	Aeschylos. Perser	Leipzig		1				Teuffel, W.S., Aeschylos. Perser, Leipzig 1866.
Thiersch, F. W. von	1846			1	Abh. d. L Classe d. Bayer. Ak. d. Wiss.	5.2			‘Abh. d. L Classe d. Bayer. Ak. d. Wiss. 5.2, 1846;
Thiersch, F. W. von	1851-6	De analogiae Graecae capitibus minus cognitis	München		2				*De analogiae Graecae capitibus minus cognitis, München 1851-6.
Thomson, G.	1929	Greek Lyric Metre	Cambr.		1				*Greek Lyric Metre, Cambr. 1929;
Thomson, G.	1930			2	Hermathena	20	366-70		*Hermathena 20, 1930, 366-70;
Thomson, G.	1932	Aeschylus. The Prometheus Bound	Cambr.		3				?Aeschylus. The Prometheus Bound, Cambr. 1932;
Thomson, G.	1938	The Oresteia of Aeschylus	Cambr.		4				*The Oresteia of Aeschylus, Cambr. 1938;
Thomson, G.	1965			5	CQ	15	161-75		°CQ 15, 1965, 161-75;
Thomson, G.	1966	The Oresteia of Aeschylus, new ed.	Amsterdam — Prague		6				*The Oresteia of Aeschylus, new ed. Amsterdam — Prague 1966;
Thomson, G.				7			ap. Whittle’.	’ap. Whittle’.
Thoresby Jones				1			ap. Murray’.	Thoresby Jones, ap. Murray’.
Thurot, C.				1			ap. Weil**,	Thurot, C., ap. Weil**,
Tittler, F. A.	1838			1	ZA	5	951-69, 975-9, 983-6, 991-4, 999-1003		*ZA 5, 1838, 951-69, 975-9, 983-6, 991-4, 999-1003;
Tittler, F. A.	1840	Coniectanea in Aesch. Supp.	Brieg		2			Progr. (non vidi)	*Coniectanea in Aesch. Supp., Progr. Brieg 1840 (non vidi).
Todt, B.	1855	De Aeschylo vocabulorum inventore	Halle		1			Progr.	‘De Aeschylo vocabulorum inventore, Progr. Halle 1855;
Todt, B.	1880			2	Philol.	39	193-232		*Philol. 39, 1880, 193-232;
Todt, B.	1889			3	ib. (Philol.)	48	20-56		*ib. 48, 1889, 20-56;
Todt, B.	1890			4	ib. (Philol.)	49	376~7		*ib. 49, 1890, 376~7;
Todt, B.	1890			5	ib. (Philol.)	49	565-7		*ib. 565-7.
Toup, J.	1790	Emendationes in Suidam et Hesychium	Oxon.		1				Toup, J., Emendationes in Suidam et Hesychium, Oxon. 1790.
Tournier, E.				1			non inveni.	Tournier, E.: non inveni.
Trendelenburg, A.				1			ap. Wecklein’™’.	Trendelenburg, A., ap. Wecklein’™’.
Tucker, T.G.	1889			1	CR	3	102-6		‘CR 3, 1889, 102-6;
Tucker, T.G.	1889	The Supplices of Aeschylus	Lond.		2				The Supplices of Aeschylus, Lond. 1889;
Tucker, T.G.	1901	The Choephori of Aesch.	Cambr.		3				>The Choephori of Aesch., Cambr. 1901;
Tucker, T.G.	1908	Aeschylus. The Seven against Thebes	Cambr.		4				*Aeschylus. The Seven against Thebes, Cambr. 1908;
Tucker, T.G.	1924			5	CR	38	170		*CR 38, 1924, 170.
Turnebus, A.	1552	AioybAov ITlgopn eds deopatns, “Exta éni O7Baic, Tlégom, ‘Ayapéuvev, Edpevidec, ‘Txétidec	Parisiis		1				Turnebus, A., AioybAov ITlgopn eds deopatns, “Exta éni O7Baic, Tlégom, ‘Ayapéuvev, Edpevidec, ‘Txétidec, Parisiis 1552.
Tyrwhitt, T. (1730-86)	1762	Conjecturae in Eur. Aesch. et Aristoph.	Lugd. Bat.		1			ap. S. Musgrave, Exercitationes criticae in Eur.	*Conjecturae in Eur. Aesch. et Aristoph., ap. S. Musgrave, Exercitationes criticae in Eur., Lugd. Bat. 1762;
Tyrwhitt, T. (1730-86)	1823			2			ap. Blomfield, Aesch. S.c. Th. 1823	*ap. Blomfield, Aesch. S.c. Th. 1823;
Tyrwhitt, T. (1730-86)		coniecturae mss. in Suppl.			3				*coniecturae mss. in Suppl.
Untersteiner, M.	1946-7	Aeschyli Fabulae	Milano		1				Untersteiner, M., Aeschyli Fabulae, Milano 1946-7.
Vahlen, J.	1856			1	Rh. M.	10	462		Vahlen, J., Rh. M. 10, 1856, 462.
Valckenaer, L.K.	1755	Eur. Phoenissae	Franeker		1				‘Eur. Phoenissae, Franeker 1755;
Valckenaer, L.K.	1768	Eur. Hippolytus	Lugd. Bat.		2				*Eur. Hippolytus, Lugd. Bat. 1768;
Valckenaer, L.K.	1768	Notae in Herodotum	Amstelod.		3				3Notae in Herodotum, Amstelod. 1768;
Valckenaer, L.K.	1773	Theocriti X idyllia Latine a Wetstenio reddita	Lugd. Bat.		4				‘Theocriti X idyllia Latine a Wetstenio reddita, Lugd. Bat. 1773;
Valckenaer, L.K.	1798	Callimachi Elegiarum fragmenta	Lugd. Bat.		5				‘Callimachi Elegiarum fragmenta, Lugd. Bat. 1798;
Valckenaer, L.K.				6			in schedis ineditis	‘in schedis ineditis;
Valckenaer, L.K.				7			in exemplari quod Hermannus possedit.	in exemplari quod Hermannus possedit.
Van den Bergh, H.	1865			1	Zeitschr. f. d. Gymn.	19	513-58		Van den Bergh, H., Zeitschr. f. d. Gymn. 19, 1865, 513-58.
Veitch, W.	1848	Greek Verbs irregular and defective	Edinburgh		1				Veitch, W., Greek Verbs irregular and defective, Edinburgh 1848.
Verrall, A. W.	1872-80			1	TCPS	1	204-7 (1879)		‘TCPS 1, 1872-80, 204-7 (1879);
Verrall, A. W.	1880			2	J.Ph.	9	114-63		2J.Ph. 9, 1880, 114-63;
Verrall, A. W.	1883			3	ib. (J.Ph.)	12	136-66		*ib. 12, 1883, 136-66;
Verrall, A. W.	1885	The Eumenides of Aeschylus	Cambr.		4				*The Eumenides of Aeschylus, Cambr. 1885;
Verrall, A. W.	1887	The Seven against Thebes of Aesch.	Lond.		5				*The Seven against Thebes of Aesch., Lond. 1887;
Verrall, A. W.	1889	The Agamemnon of Aesch.	Lond.		6				‘The Agamemnon of Aesch., Lond. 1889;
Verrall, A. W.	1890			7	CR	4	3-6		7CR 4, 1890, 3-6;
Verrall, A. W.	1893	The Choephori of Aesch.	Lond.		8				*The Choephori of Aesch., Lond. 1893;
Verrall, A. W.	1906			9	Proc. Class. Assoc.		26-36		Proc. Class. Assoc. 1906, 26-36;
Verrall, A. W.	1908	The Eumenides of Aesch.	Lond.		10				*°The Eumenides of Aesch., Lond. 1908.
Vetta, M.	1974			1	Giorn. Ital. di Filologia	5	159-64		Vetta, M., Giorn. Ital. di Filologia 5, 1974, 159-64.
Victorius, P.	1557	Aeschyli Tragoediae VII	Genevae		1				Victorius, P., Aeschyli Tragoediae VII, Genevae 1557.
Volckmann				1			locum non inveni.	Volckmann: locum non inveni.
Von der Muhll, P.	1932			1	Indog. Forsch.	50	138-9		‘Indog. Forsch. 50, 1932, 138-9;
Von der Muhll, P.	1964			2	Mus. Helv.	21	225-7		*Mus. Helv. 21, 1964, 225-7.
Voss, H.	1812	Curarum Aeschylearum specimen I	Heidelberg		1			sed multa quae huic tribuuntur non inveni.	Voss, H., Curarum Aeschylearum specimen I, Heidelberg 1812; sed multa quae huic tribuuntur non inveni.
Wackernagel, J.	1885			1	KZ	27	262-80	(= KI. Schr., Göttingen 1953, I 573-91)	Wackernagel, J., KZ 27, 1885, 262-80 (= KI. Schr., Göttingen 1953, I 573-91);
Wackernagel, J.	1907	Hellenistica	Göttingen		2			Progr. (= Kl. Schr. II 1034-58)	*Hellenistica, Progr. Göttingen 1907 (= Kl. Schr. II 1034-58);
Wackernagel, J.	1910			3	KZ	43	377-8	(= K1. Schr. I 831-2)	°>KZ 43, 1910, 377-8 (= K1. Schr. I 831-2);
Wackernagel, J.	1914			4	Gott. Nachr.		97-130	(= KI. Schr. II 1154-87)	“Gott. Nachr. 1914, 97-130 (= KI. Schr. II 1154-87);
Wackernagel, J.	1916	Sprachl. Untersuchungen zu Homer	Göttingen		5				*Sprachl. Untersuchungen zu Homer, Göttingen 1916;
Wackernagel, J.	1920-24	Vorlesungen über Syntax I-II	Basel		6				7Vorlesungen über Syntax I-II, Basel 1920-24.
Wakefield, G.	1789	Silva critica I	Cantabr.		1				‘Silva critica I, Cantabr. 1789;
Wakefield, G.	1790	Silva cr. II	Cantabr.		2				*Silva cr. II, Cantabr, 1790;
Wakefield, G.	1794	Tragoediarum delectus	Lond.		3				*Tragoediarum delectus, Lond. 1794.
Wasse, J.	1731	Thucydides	Amstelod.		1				Wasse, J., Thucydides, Amstelod. 1731.
Wecklein, N.	1869	Curae Epigraphicae	Leipzig		1				Curae Epigraphicae, Leipzig 1869;
Wecklein, N.	1869			2	Philol.	28	721-2		?Philol. 28, 1869, 721-2;
Wecklein, N.	1872	Studien zu Aeschylos	Berlin		3				*Studien zu Aeschylos, Berlin 1872;
Wecklein, N.	1872	Aeschylus’ Prometheus	Leipzig		4				*Aeschylus’ Prometheus, Leipzig 1872;
Wecklein, N.	1873			5	Philol.	32	181-5		‘Philol. 32, 1873, 181-5;
Wecklein, N.	1874	Studien zu Euripides	Leipzig		6			(Jb. f. cl. Ph. Supp. 7, 1873-5, 305-448)	‘Studien zu Euripides, Leipzig 1874 (Jb. f. cl. Ph. Supp. 7, 1873-5, 305-448),
Wecklein, N.	1878	Aesch. Prom. 2. Aufl.	Leipzig		7				7Aesch. Prom. 2. Aufl., Leipzig 1878;
Wecklein, N.	1878			8	Rh. M.	33	115-21		*Rh. M. 33, 1878, 115-21;
Wecklein, N.	1879			9	Philol.	38	350-7		*Philol. 38, 1879, 350-7;
Wecklein, N.	1884			10	BPhW	4	897-910		»BPhW 4, 1884, 897-910;
Wecklein, N.	1885	Aeschyli Fabulae	Berol.		11				™Aeschyli Fabulae, Berol. 1885;
Wecklein, N.	1886	Aschylos Perser erkl. Teuffel, 3. Aufl.	Leipzig		12				**Aschylos Perser erkl. Teuffel, 3. Aufl. Leipzig 1886;
Wecklein, N.	1888	Aeschylus. Orestie	Leipzig		13				“Aeschylus. Orestie, Leipzig 1888;
Wecklein, N.	1888			14	Sitz.-Ber. Bayer. Ak.	II	327-74		*Sitz.-Ber. Bayer. Ak. 1888 II 327-74;
Wecklein, N. (cum E. Zomaridis)	1891, 1896, 1910	AioybAov deapata	Lipsiae-Athenis		15			(Pers. et. Sept. 1891, Prom. et Supp. 1896, Orestia 1910)	(cum E. Zomaridis) AioybAov deapata, Lipsiae-Athenis (Pers. et. Sept. 1891, Prom. et Supp. 1896, Orestia 1910);
Wecklein, N.	1893	Aeschyli Fabulae: partis 0 auctarium (Appendix propagata)	Berol.		16				**Aeschyli Fabulae: partis 0 auctarium (Appendix propagata), Berol. 1893;
Wecklein, N.	1901	Asch. Perser erkl. Teuffel, 4. Aufl.	Leipzig		17				”Asch. Perser erkl. Teuffel, 4. Aufl., Leipzig 1901;
Wecklein, N.	1902	Aeschylus. Sieben gegen Theben	Leipzig		18				Aeschylus. Sieben gegen Theben, Leipzig 1902;
Wecklein, N.	1902	Aeschylus. Die Schutzflehenden	Leipzig		19				“Aeschylus. Die Schutzflehenden, Leipzig 1902;
Wecklein, N.	1921			20	Sitz.-Ber. Bayer. Ak.	1921(5)			?°Sitz.-Ber. Bayer. Ak. 1921(5).
Weil, H.	1858			1	N. Jb.	77	230-7		1N. Jb. 77, 1858, 230-7;
Weil, H.	1858	Agamemnon	Giessen		2			Part of "Aeschyli quae supersunt tragoediae, Giessen 1858-67"	7Agamemnon 1858,
Weil, H.	1860	Choeph.	Giessen		3			Part of "Aeschyli quae supersunt tragoediae, Giessen 1858-67"	?Choeph. 1860,
Weil, H.	1861	Eum.	Giessen		4			Part of "Aeschyli quae supersunt tragoediae, Giessen 1858-67"	‘Eum. 1861,
Weil, H.	1862	Sept.	Giessen		5			Part of "Aeschyli quae supersunt tragoediae, Giessen 1858-67"	Sept. 1862,
Weil, H.	1864	Prom.	Giessen		6			Part of "Aeschyli quae supersunt tragoediae, Giessen 1858-67"	°Prom. 1864,
Weil, H.	1866	Supp	Giessen		7			Part of "Aeschyli quae supersunt tragoediae, Giessen 1858-67"	Supp 1866,
Weil, H.	1867	Pers.	Giessen		8			Part of "Aeschyli quae supersunt tragoediae, Giessen 1858-67"	"Pers. 1867;
Weil, H.	1861			9	N. Jb.	83	166-8		‘N. Jb. 83, 1861, 166-8;
Weil, H.	1861			10	Rh. M.	16	198~209		‘Rh. M. 16, 1861, 198~209;
Weil, H.	1864			11	N. Jb.	89	580-3		®N. Jb. 89, 1864, 580-3;
Weil, H.	1876			12	Revue critique	n.s. 1	41-50		'*Revue critique n.s. 1, 1876, 41-50;
Weil, H.	1881			13	Revue de phil.	5	65-84		“Revue de phil. 5, 1881, 65-84;
Weil, H.	1884			14	ib. (Revue de phil.)	8	11-32		"ib. 8, 1884, 11-32;
Weil, H.	1884	Aeschyli tragoediae	Lips.		15				*Aeschyli tragoediae, Lips. 1884;
Weil, H.	1907	Aesch. tragg. iterum ed.	Lips.		16				‘*Aesch. tragg. iterum ed., Lips. 1907.
Welcker, F.G.	1824	Die Aeschylische Trilogie Prometheus	Darmstadt		1				Welcker, F.G., Die Aeschylische Trilogie Prometheus, Darmstadt 1824.
Wellauer, A.	1819	Commentationum Aeschyli specimen	Bratisl.		1				‘Commentationum Aeschyli specimen, Bratisl. 1819;
Wellauer, A.	1823-4	Aeschyli Dramata I-II	Lips.		2				*Aeschyli Dramata I-II, Lips. 1823-4;
Wellauer, A.	1830	Aesch. Dramata III: Lexicon Aeschyleum	Lips.		3				?Aesch. Dramata III: Lexicon Aeschyleum, Lips. 1830.
West, M.L.	1966			1	Philol.	110	155		'Philol. 110, 1966, 155;
West, M.L.	1977			2	BICS	24	96-101		2BICS 24, 1977, 96-101;
West, M.L.	1979			3	ib. (BICS)	26	107-8		*ib. 26, 1979, 107-8;
West, M.L.	1984			4	ib. (BICS)	31	182		*ib. 31, 1984, 182;
West, M.L.	1985			5	Liverpool Class. Monthly	10	130-1		‘Liverpool Class. Monthly 10, 1985, 130-1;
West, M.L.	1987			6	Gnomon	59	193-8		“Gnomon 59, 1987, 193-8;
West, M.L.	1990	Studies in Aeschylus	Stuttgart		7				Studies in Aeschylus, Stuttgart 1990.
Westphal, R.	1859	Emendationes Aeschyleae	Breslau		1			Progr. (non vidi)	‘Emendationes Aeschyleae, Progr. Breslau 1859 (non vidi);
Westphal, R.	1869	Prolegomena zu Aeschylus’ Tragödien	Leipzig		2				*Prolegomena zu Aeschylus’ Tragédien, Leipzig 1869;
Westphal, R.				3			ap. Oberdickt’.	*ap. Oberdickt’.
Weyrauch, C.	1868			1	Zeitschr. f. d. Gymn.	22	492-5		*Zeitschr. f. d. Gymn. 22, 1868, 492-5;
Weyrauch, C.	1878	Aeschylus’ Eumeniden-Parodos	Breslau		2			Progr.	*Aeschylus’ Eumeniden-Parodos, Progr. Breslau 1878.
Whittle, E. W.	1961			1	CQ	11	9		*CQ 11, 1961, 9;
Whittle, E. W.	1963	TEPAY, Studies presented to G. Thomson	Prague		2		245-55		*7TEPAY, Studies presented to G. Thomson, Prague 1963, 245-55;
Whittle, E. W.	1964			3	CQ	14	24-31		73CQ 14, 1964, 24-31;
Whittle, E. W.	1968			4	Classica et Mediaevalia	29	1-15		*Classica et Mediaevalia 29, 1968, 1-15;
Whittle, E. W.	1975			5	Symb. Osl.	50	541		‘Symb. Osl. 50, 1975, 541;
Whittle, E. W. (cum H.F. Johansen)	1980	Aeschylus. The Suppliants	Copenhagen		6				‘(cum H.F. Johansen) Aeschylus. The Suppliants, Copenhagen 1980.
Wiel, J.	1877	De Aeschyli Persarum exitu comm. critica	Kéln		1			Progr. (non vidi)	Wiel, J., De Aeschyli Persarum exitu comm. critica, Progr. Kéln 1877 (non vidi).
Wieseler, F.J.A.	1839	Conjectanea in Aesch. Eumenides	Géttingen		1				‘Conjectanea in Aesch. Eumenides, Géttingen 1839;
Wieseler, F.J.A.	1852			2	Philol.	7	110-46		*Philol. 7, 1852, 110-46;
Wieseler, F.J.A.	1854			3	ib. (Philol.)	9	716-23		*ib. 9, 1854, 716-23;
Wieseler, F.J.A.	1855			4	ib. (Philol.)	10	395-90		‘ib. 10, 1855, 395-90;
Wieseler, F.J.A.	1860	Schedae criticae in Aesch. P.V.	Géttingen		5			Ind. lect. (non vidi)	*Schedae criticae in Aesch. P.V., Ind. lect. Géttingen 1860 (non vidi).
Wilamowitz(-Moellendorff), U. von	1974	In wieweit befriedigen die Schliisse d. erhaltenen griech. Trauerspiele? (1867)	Leiden		1				4In wieweit befriedigen die Schliisse d. erhaltenen griech. Trauerspiele? (1867), Leiden 1974;
Wilamowitz(-Moellendorff), U. von	1879	Commentariolum grammaticum	Greifswald		2			Ind. lect. hib. (= KI. Schr. IV, Berlin 1962, 583-96)	*Commentariolum grammaticum, Ind. lect. hib. Greifswald 1879 (= KI. Schr. IV, Berlin 1962, 583-96);
Wilamowitz(-Moellendorff), U. von	1879			3	Hermes	14	174-6		7Hermes 14, 1879, 174-6;
Wilamowitz(-Moellendorff), U. von	1883			4	ib. (Hermes)	18	214-63	(= KI. Schr. VI, 1972, 161-208)	‘ib. 18, 1883, 214-63 (= KI. Schr. VI, 1972, 161-208);
Wilamowitz(-Moellendorff), U. von	1885	Aeschylos. Orestie I. Agamemnon	Berlin		5				‘Aeschylos. Orestie I. Agamemnon, Berlin 1885;
Wilamowitz(-Moellendorff), U. von	1887			6	Hermes	22	107-28, 211-59	(= KI. Schr. V.1, 1937, 272-342)	‘Hermes 22, 1887, 107-28, 211-59 (= KI. Schr. V.1, 1937, 272-342);
Wilamowitz(-Moellendorff), U. von	1889	Einleitung in die attische Tragodie	Berlin		7				Einleitung in die attische Tragodie, Berlin 1889;
Wilamowitz(-Moellendorff), U. von	1889	Euripides Herakles	Berlin		8				"Euripides Herakles, Berlin 1889;
Wilamowitz(-Moellendorff), U. von	1889	Commentariolum gramm. IV	Göttingen		9			Ind. lect. hib. (= KI. Schr. IV 660-96)	°>Commentariolum gramm. IV, Ind. lect. hib. Göttingen 1889 (= KI. Schr. IV 660-96);
Wilamowitz(-Moellendorff), U. von	1895	Commentariolum metricum II	Géttingen		10			Ind. lect. hib. (= Griech. Verskunst, Berlin 1921, 179-209)	*°Commentariolum metricum II, Ind. lect. hib. Géttingen 1895 (= Griech. Verskunst, Berlin 1921, 179-209);
Wilamowitz(-Moellendorff), U. von	1896	Aesch. Orestie 2, Das Opfer am Grabe	Berlin		11				*Aesch. Orestie 2, Das Opfer am Grabe, Berlin 1896;
Wilamowitz(-Moellendorff), U. von	1897			12	Hermes	32	382-98		Hermes 32, 1897, 382-98;
Wilamowitz(-Moellendorff), U. von	1899	Griech. Tragédien II. Orestie	Berlin		13				8Griech. Tragédien II. Orestie, Berlin 1899;
Wilamowitz(-Moellendorff), U. von	1899			14	Hermes	34	612	(= KI. Schr. IV 83)	“Hermes 34, 1899, 612 (= KI. Schr. IV 83);
Wilamowitz(-Moellendorff), U. von	1902	Griech. Lesebuch	Berlin		15				**Griech. Lesebuch, Berlin 1902;
Wilamowitz(-Moellendorff), U. von	1903			16	Sitz.-Ber. Preuss. Ak.	1903(21)	436-50		**Sitz.-Ber. Preuss. Ak. 1903(21), 436-50;
Wilamowitz(-Moellendorff), U. von	1910			17	Hermes	45	387-90	(= KI. Schr. IV 254-7)	'7Hermes 45, 1910, 387-90 (= KI. Schr. IV 254-7);
Wilamowitz(-Moellendorff), U. von	1914	Aischylos. Interpretationen	Berlin		18				“*Aischylos. Interpretationen, Berlin 1914;
Wilamowitz(-Moellendorff), U. von	1914	Aeschyli Tragoediae	Berlin		19				*?Aeschyli Tragoediae, Berlin 1914;
Wilamowitz(-Moellendorff), U. von	1919	Platon	Berlin		20				*°Platon, Berlin 1919;
Wilamowitz(-Moellendorff), U. von	1921	Griech. Verskunst	Berlin		21				24Griech. Verskunst, Berlin 1921;
Wilamowitz(-Moellendorff), U. von	1929			22	Hermes	64	460-2	(= KI. Schr. IV 478-80)	#Hermes 64, 1929, 460-2 (= KI. Schr. IV 478-80).
Winckelmann, A. W.	1842			1	ZA	9	292-3		Winckelmann, A. W., ZA 9, 1842, 292-3.
Winckelmann, C.	1834	Observationes in locos aliquot Promethei Aeschylei	Salzwedel		1				Winckelmann, C., Observationes in locos aliquot Promethei Aeschylei, Salzwedel 1834.
Winnington-Ingram, R.P.	1935			1	CR	49	7	(= Studies in Aeschylus, Cambr. 1983, 219)	*CR 49, 1935, 7 (= Studies in Aeschylus, Cambr. 1983, 219);
Winnington-Ingram, R.P.	1977			2	Yale Cl. St.	25	1-45	(= Studies in Aesch. 16-54)	7Yale Cl. St. 25, 1977, 1-45 (= Studies in Aesch. 16-54).
Wolf, H.	1881	Analecta Aeschylea	Bonn		1			Diss. (non vidi)	Wolf, H., Analecta Aeschylea, Diss. Bonn 1881 (non vidi).
Wordsworth, J.	1832			1	Philological Museum	1	209-44		Wordsworth, J., Philological Museum 1, 1832, 209-44.
Wunder, E.	1854	De Aeschyli Eumenidibus comm. crit. et exeg.	Grimma		1				Wunder, E., De Aeschyli Eumenidibus comm. crit. et exeg., Grimma 1854.
Wunderlich, E. C. F.	1809	Observationes criticae in Aeschyli tragoedias tragoediarumque reliquias	Géttingen		1				Wunderlich, E. C. F., Observationes criticae in Aeschyli tragoedias tragoediarumque reliquias, Géttingen 1809,
Young, D.C.C.	1964			1	GRBS	5	85-99		‘GRBS 5, 1964, 85-99;
Young, D.C.C.	1971			2	ib. (GRBS)	12	303-30		*ib. 12, 1971, 303-30;
Young, D.C.C.	1972			3	ib. (GRBS)	13	5-38		ib. 13, 1972, 5-38;
Young, D.C.C.	1974	Serta Turyniana, Studies ... in honor of A. Turyn	Urbana		4		216-26		“Serta Turyniana, Studies ... in honor of A. Turyn, Urbana 1974, 216-26.
Zakas, A.I.	1890	Koitixai xai éounvevtinal nagatryortosetc sic Aio-xbAov etc.	Athenis		1				Zakas, A.I., Koitixai xai éounvevtinal nagatryortosetc sic Aio-xbAov etc., Athenis 1890,
Zuntz, G.	1955	The Political Plays of Euripides	Manchester		1				1The Political Plays of Euripides, Manchester 1955;
Zuntz, G.	1981			2	PCPS	27	81-95		7PCPS 27, 1981, 81-95;
Zuntz, G.	1983			3	Hermes	111	259-81		Hermes 111, 1983, 259-81,