Αειδε	Sing,
Θεά,	O-Goddess,
οὐλομένην	destroying
μῆνιν	anger
᾿Αχιλῆος	of-Achilles,
Πηληϊάδεω,	son-of-Peleus,
ἡ	which
ἔθηκε	caused
μυρία	innumerable
ἄλγεα	woes
᾿Αχαιοῖς,	to-the-Achæans,
δὲ	and
προΐαψεν	prematurely-sent
πολλὰς	many
ἰφθίμους	brave
ψυχὰς	souls
ἡρώων	of-heroes
῎Αϊδι,	to-Hades,
δὲ	and
τεῦχε	made
αὐτοὺς	them
ἑλώρια	prey
κύνεσσιν,	to-dogs,
τε	and
πᾶσι	to-all
οἰωνοῖσί·	birds-of-prey;
δὲ	but
βουλή	the-will
Διὸς	of-Zeus
ἐτελείετο·	was-being-fulfilled;
ἐξ	from
οὗ	what-time
δὴ	indeed
τὰ	the
πρῶτα	first
τε	both
᾿Ατρείδης,	the-son-of-Atreus,
ἀναξ	king
ἀνδρῶν,	of-men,
καὶ	and
δῖος	divine
᾿Αχιλλεύς	Achilles
ἐρίσαντε	having-contended
διαστήτην.	stood-apart.
Τε	And
τίς	who
ἄρ	then
θεῶν	of-the-gods
ξυνέηκε	sent-together
σφῶς	them
μάχεσθαι	to-fight
ἔριδι;	in-strife?
Υἱός	The-son
Λήτοῦς	of-Leto
καὶ	and
Διὸς·	of-Zeus;
γὰρ	for
ὁ	he
χολωθεὶς	being-enraged
βασιλῆϊ	at-the-king,
ὧρσε	excited
κακήν	a-bad
νοῦσον	disease
ἀνὰ	throughout
στρατὸν·	the-army;
δὲ	and
λαοὶ	the-people
ὀλέκοντο·	were-perishing;
οὕνεκα	because
᾿Ατρείδης	the-son-of-Atreus
ἠτίμησε	dishonored
τον	this
ἀρητῆρα	priest
Χρύσην·	Chryses;
γὰρ	for
ὁ	he
ἦλθε	came
ἐπὶ	to
θοὰς	the-swift
νῆας	ships
᾿Αχαιῶν,	of-the-Achæans,
τε	both
λυσόμενος	to-ransom
θύγατρα,	his-daughter,
τε	and
φέρων	bringing
ἀπερείσια	boundless
ἄποινα,	ransoms,
τε	and
ἔχων	having
ἐν	in
χερσὶν	his-hands
στέμμα	the-fillet
ἑκηβόλου	of-far-darting
᾿Απόλλωνος,	Apollo,
ἀνὰ	upon
χρυσέῳ	a-golden
σκήπτρῳ·	sceptre;
καὶ	and
ἐλίσσετο	he-entreated
πάντας	all
᾿Αχαιούς,	the-Achæans,
δὲ	and
μάλιστα	most-of-all
δύω	the-two
᾿Ατρείδα,	sons-of-Atreus,
κοσμήτορε	the-marshallers
λαῶν·	of-the-people;
“Τε	"Both,
᾿Ατρεῖδαί,	O-sons-of-Atreus,
καὶ	and
ἄλλοι	other
ἐϋκνήμιδες	well-greaved
᾿Αχαιοί,	Achæans,
θεοί,	the-gods,
ἔχοντες	who-hold
Ὀλύμπια	the-Olympian
δώματα,	halls,
δοῖεν	may-they-grant
ὑμὶν	to-you
μὲν	indeed
ἐκπέρσαι	to-destroy
πόλιν	the-city
Πριάμοιο,	of-Priam,
δὲ	and
ἱκέσθαι	to-return
εὖ	safely
οἴκαδε·	homeward;
δὲ	but
λύσαιτε	may-you-free
ἐμοὶ	for-me
φίλην	my-dear
παῖδα,	child,
δὲ	and
δέχεσθε	receive
τ'	these
ἄποινα,	ransoms,
ἀζόμενοι	reverencing
υἱὸν	the-son
Διὸς	of-Zeus,
ἑκηβόλου	the-far-darting
᾿Απόλλωνα.	Apollo."
Ἔνθα	Then
μὲν	indeed
πάντες	all
ἄλλοι	the-other
᾿Αχαιοὶ	Achæans
ἐπευφήμησαν,	shouted-their-approval,

ZZZ

## p. 261 (#267) ############################################

THE ILIAD OF HOMER - BOOK VI.
261
πεσέειν ἐν χερσὶ γυναικῶν,
they-fall into (the) hands 'of (the) 'women, [into the arms of their wives,]
δὲ γενέσθαι χάρμα δηΐοισι· αὐτὰρ
and become (a) delight 'to (your) 'foes; but
ἐπεί κε ἐποτρύνητον ἁπάσας φάλαγγας,
after 'you may 'have-exhorted all (the) phalanxes,
ἡμεῖς μὲν μαχησόμεθα Δαναοῖσι μένοντες
we indeed will-fight 'against (the) 'Greeks remaining
αὖθι, καὶ περ μάλα τειρόμενοι· γὰρ [85
here, and-although very much pressed; for
ἀναγκαίη ἐπείγει· ἀτὰρ, Ἕκτορ, σὺ μετέρχεο
necessity urges (us); but, Hector, 'do you go
πόλινδε, δ᾽ ἔπειτα εἰπὲ σῇ μητέρι καὶ ἐμῇ·
'to (the) 'city, and then speak to-your mother and to-mine;
ἡ ξυνάγουσα γεραιὰς νηὸν
and 'let her having-collected-together (the) matrons 'into (the) 'temple
γλαυκώπιδος ᾿Αθηναίης ἐν ἄκρῃ πόλει,
of-blue-eyed Minerva on (the) top city, [into the lofty citadel,]
δ' οἴξασα κληίδι θύρας
(and) having-opened with (the) 'key (the) doors
ἱεροῖο δόμοιο, θεῖναι ἐπὶ γούνασιν
'of (the) sacred house, 'place on (the) knees 'of (the)
ἠϋκόμοιο ᾿Αθηναίης πέπλον, ὅς δοκέει [90
'fair-haired Minerva (the) robe, which seems
οἱ εἶναι χαρίεστατος ἠδὲ μέγιστος ἐνὶ
to-her to-be (the) most-beautiful and largest in (her)
μεγάρῳ, καὶ οἱ αὐτῇ πολύ φίλτατος· καὶ
palace, and to-her herself (is) by-much (the) most-dear; and
ὑποσχέσθαι ἱερευσέμεν οἱ δυοκαίδεκα ἤνις βοῦς,
let-her-promise to-sacrifice to-her twelve yearling heifers,
ἠκέστας, ἐνὶ νηῷ, αἴ κ᾿ ἐλεήσῃ
as-yet-ungoaded, in (her) temple, if indeed she-will-take-compassion
ἄστυ, τε καὶ ἀλόχους, καὶ [95
'on (the) 'city, and also 'on (the) 'wives, and 'on (the)
νήπια τέκνα Τρώων· αἴ κεν ἀπόσχῃ
infant children 'of (the) 'Trojans; if 'she would 'keep-away (the

## p. 262 (#268) ############################################

THE ILIAD OF HOMER - BOOK VI.
262
υἱὸν Τυδέος ἱρῆς Ἰλίου, ἄγριον αἰχμητήν,
son of-Tydeus from-sacred Ilium, (the) ferocious warrior,
κρατερὸν μήστωρα φόβοιο· δὴ ὃν ἐγὼ φημί
powerfully prompting terror; and-indeed him I declare
γενέσθαι κάρτιστον ᾿Ἀχαιῶν· οὐδ᾽
to-be (the) bravest 'of (the) 'Greeks; nor have-'we
πωθ᾽ ὧδέ γ' ἐδείδιμεν ᾿Αχιλῆα, ὄρχαμον ἀνδρῶν, [100]
ever thus at-least 'feared Achilles, leader of-men,
ὅνπερ φασὶ ἔμμεναι ἐξ θεᾶς· ἀλλ᾽ ὅδε
whom they-say to-be from (a) goddess; but this (man)
μαίνεται λίην, οὐδέ δύναται τὶς ἰσοφαρίζειν
rages excessively, nor can any-one vie
οἱ μένος.”
with-him in-might."
Ὡς ἔφατο· δ' Ἕκτωρ οὔτι ἀπίθησεν
Thus he-said: but Hector 'did not-at-all 'disobey (his)
κασιγνήτῳ· δ᾽ αὐτίκα ἆλτο ἐξ ὀχέων
brother; and immediately he-jumped from (the) chariot
σὺν τεύχεσιν χαμᾶζε· δὲ πάλλων
with (his) arms 'on (the) 'ground; and brandishing (his)
ὀξέα δοῦρα, ᾤχετο κατὰ στρατὸν πάντη, [105]
sharp spear, he-went through (the) army in-all (directions),
ὀτρύνων μαχέσασθαι· δ᾽ ἔγειρε αἰνὴν
exciting (them) to-fight; and stirred-up dreadful
φύλοπιν. Δ' οἱ ἐλελίχθησαν, καὶ ἔσταν ἐναντίοι
battle. But they turned-round, and stood before
᾿Ἀχαιῶν. Δ' ᾿Αργεῖοι ὑπεχώρησαν, δὲ
(the) Greeks. But (the) Greeks retreated, and
λῆξαν φόνοιο· δὲ φὰν τιν' ἀθανάτων
desisted from-slaughter; and they-said (that) some of (the) 'immortals
ἐξ ἀστερόεντος οὐρανοῦ κατελθέμεν ἀλεξήσοντα
from (the) starry heaven had-descended helping
Τρωσὶν· ὡς ἐλέλιχθεν. [110]
(the) Trojans; so they-turned-round (rallying). But
Ἕκτωρ ἐκέκλετο Τρώεσσιν, ἀΰσας μακρὸν·
Hector exhorted (the) Trojans, shouting aloud:

## p. 263 (#269) ############################################

THE ILIAD OF HOMER - BOOK VI.
263
“Ὑπέρθυμοι Τρῶες, τε τηλέκλειτοί ἐπίκουροι,
"O-courageous Trojans, and far-summoned allies,
ἔστε ἀνέρες, φίλοι, δὲ μνήσασθε θούριδος
be men, (my) friends, and remember (your) daring
ἀλκῆς, ὄφρ᾽ ἐγὼ ἂν βείω προτὶ Ἴλιον, ἠδὲ
courage, in-order-that I may go to Ilium, and
εἴπω γέρουσιν βουλευτῇσι, καὶ ἡμετέρῃς
tell 'to (the) 'aged counsellors, and to-your
ἀλόχοισιν, ἀρήσασθαι δαίμοσιν, δ' [115]
wives, to-pray 'to (the) 'gods, and
ὑποσχέσθαι ἑκατόμβας.”
to-vow (them) hecatombs."
Ὡς ἄρα φωήσας κορυθαίολος Ἕκτωρ
Thus then having-spoken (the) quickly-helmet-moving Hector
ἀπέβη· δ᾽ ἀμφὶ μιν κεμαινὸν δέρμα,
departed; but about him (the) black hide, (the) border,
ἄντυξ, ἢ θέεν πυμάτη ὀμφαλοέσσης ἀσπίδος,
which ran hindmost [at the edge] 'of (his) 'bossy shield,
τύπτε σφυρὰ καὶ αὐχένα.
kept-striking (his) ankles and neck.
Δὲ Γλαύκος, πάϊς Ἱππολόχοιο, καὶ υἱὸς
But Glaucus, (the) son of-Hippolochus, and (the) son
Τυδέος συνίτην ἐς μέσον ἀμφοτέρων [120]
of-Tydeus met in (the) middle of-both (armies)
μεμαῶτε μάχεσθαι. Δ᾽ ὅτε δὴ οἱ ἦσαν σχεδὸν
desirous to-fight. But when truly they were near
ἰόντες ἐπ᾿ ἀλλήλοισιν, τὸν Διομήδης ἀγαθὸς βοὴν
going against each-other, him Diomede brave in-battle
πρότερος προςέειπε·
first addressed:
“Δὲ τίς ἐσσι σύ, φέριστε, καταθνητῶν ἀνθρώπων;
"But who are you, O-most-valiant, of-mortal men?
Γάρ οὐ μὲν ποτ' ὄπωπα ἔνι κυδιανείρῃ
For never indeed at-any-time have-I-beheld (thee) in glorious
μάχῃ πρίν τὸ· ἀτὰρ μὲν
fight before this; but indeed

## p. 264 (#270) ############################################

THE ILIAD OF HOMER - BOOK VI.
264
νῦν γε πολὺ προβέβηκας ἁπάντων [125]
now you-'have much 'excelled all
σῷ θάρσει, ὅτ' ἔμεινας ἐμὸν δολιχόσκιον ἔγχος.
in-your confidence, because you-have-awaited my long-shadow-casting spear.
Δέ τε παῖδες δυστήνων (εἰσὶ) οἳ
And indeed (they are) sons 'of (the) 'wretched (who)
ἀντιόωσιν ἐμῷ μένει. Δ' εἴ τις
encounter my strength. But if (being) some-one 'of (the)
ἀθανάτων γ᾽ εἰλήλουθας κατ᾿ οὐρανοῦ, ἔγωγε
'immortals indeed having-come from heaven, I-at-least
ἂν οὐ μαχοίμην ἐπουρανίοισι θεοῖσιν. [130]
would not fight 'with (the) 'celestial gods.
Γὰρ οὐδὲ ἦν Λυκόοργος, κρατερὸς
For not (only) was not Lycurgus, (the) valiant
υἱός Δρύαντος, δὴν, ὃς ῥα ἔριζεν
son of-Dryas, long (lived), who indeed contended
ἀπουρανίοισιν θεοῖσιν· ὅς ποτε σεῦε
'with (the) 'celestial gods; who once chased
τιθήνας μαινομένοιο Διωνύσοιο κατ' ἠγάθεον
(the) nurses of-raving Bacchus through sacred
Νυσσήϊον· δ' αἱ πᾶσαι ἅμα κατέχευαν θύσθλα
Nyssa; but they all together let-fall (the) sacred-implements
χαμαί, θεινόμεναι ὑπ᾿ ἀνδροφόνοιο Λυκούργου [135]
'on (the) 'ground, smitten by man-slaying Lycurgus
βουπλῆγι· δὲ Διώνυσος φοβηθεὶς δύσετο
'with (an) 'ox-goad; but Bacchus terrified sunk
κατὰ κῦμα ἁλὸς· δὲ Θέτις ὑπεδέξατο
under (the) wave of (the) 'sea; and Thetis received (him)
δειδιότα κόλπῳ· γὰρ κρατερὸς τρόμος ἔχε
affrighted 'in (her) 'bosom; for powerful trembling he-had
(μιν) ὁμοκλῇ ἀνδρὸς. Τῷ μὲν ἔπειτ' θεοὶ
(on account of the) threatening-shout 'of (the) 'man. With-him indeed afterwards (the) gods
ζώοντες ῥεῖα ὀδύσαντο, καὶ παῖς Κρόνου
living quietly were-enraged, and (the) son of-Saturn
ἔθηκε μιν τυφλόν·
rendered him blind;

## p. 265 (#271) ############################################

THE ILIAD OF HOMER - BOOK VI.
265
οὐδ᾽ ἄρ᾽ ἔτι ἦν δὴν, ἐπεὶ ἀπήχθετο
nor therefore afterwards was (his life) long, since he-became-hateful
πᾶσι ἀθανάτοισιν θεοῖσιν. Οὐδ᾽ [140]
to-all (the) immortal gods. (Wherefore) neither
ἐγὼ ἂν ἐθέλοιμι μάχεσθαι μακάρεσσι θεοῖς.
I would wish to-fight 'with (the) 'blessed gods.
Δ᾽ εἰ ἐσσί τις βροτῶν, οἳ ἔδουσιν καρπὸν
But if you-are any-one of-mortal-men, who eat (the) fruits
ἀρούρης, ἴθ᾽ ἆσσον, ὡς κεν θᾶσσον
'of (the) 'earth, come nearer, that 'thou mayest (the) more-speedily
ἵκηαι πείρατ' ὀλέθρου.”
'reach (the) end of-death."
Δὲ τὸν φαίδιμος υἱός Ἱππολόχοιο προςηύδα
But him (the) illustrious son of-Hippolochus addressed
αὖθις· “Μεγάθυμε Τυδείδη, τίη ἐρεείνεις [145]
in-turn: "Magnanimous son-of-Tydeus, why inquire
γενεὴν; Οἵη περ φύλλων γενεὴ, τοιή
(about my) race? As (is the) race indeed of-leaves, such
δὲ καὶ ἀνδρῶν. Τὰ μὲν φύλλα τ'
also-indeed (is) even (that) of-men. These leaves indeed also
ἄνεμος χέει χαμάδις, ἄλλα δέ τε
(the) wind scatters 'on (the) 'ground, but indeed also (the)
ὕλη τηλεθόωσα φύει, δ' ἔαρος ὥρῃ
blooming wood produces (others), but 'in (the) 'season of-spring
ἐπιγίγνεται· ὣς γενεὴ ἀνδρῶν, ἡ μὲν
(these) grow-after; thus (is the) generation of-man, these indeed
φύει, ἡ δ᾽ ἀπολήγει. Δ᾽ εἰ καὶ ἐθέλεις [150]
spring-forth, but those cease. But if you-'would even 'desire
δαήμεναι ταῦτα, ὄφρ᾽ εὖ εἰδῇς
to-learn these (things), in-order-that you-'may well 'know
ἡμετέρην γενεὴν, (δὲ πολλοὶ ἄνδρες ἴσασιν
my lineage, (and many men know
μιν·) ἔστι πόλις Ἐφύρη, μυχῷ
it;) there-is (a) town (called) Ephyra, 'in (the) 'farthest-corner
Ἄργεος ἱπποβότοιο, ἐνθάδε δὲ Σίσυφος ἔσκεν,
of-horse-pasturing Argos, there indeed Sisyphus was,
23

## p. 266 (#272) ############################################

THE ILIAD OF HOMER- BOOK VI.
266
ὃς γένετο κέρδιστος ἀνδρῶν, Σίσυφος
who was (the) most-wily of-men, Sisyphus, (the)
Αἰολίδης· ὁ δ᾽ ἄρα τέκεθ' υἱόν Γλαῦκον· [155]
son-of-Æolus; who indeed therefore begat (a) son Glaucus;
αὐτὰρ Γλαῦκος ἔτικτεν ἀμύμονα Βελλεροφόντην·
but Glaucus begat (the) blameless Bellerophon;
δὲ τῷ θεοὶ ὤπασαν κάλλος τε καὶ
and to-him (the) gods gave beauty and also
ἐρατεινὴν ἠνορέην. Αὐτὰρ οἱ Προῖτος ἐμήσατο
amiable manliness. But against-him Prœtus devised
κάκα θυμῷ· ὅς ῥ᾽ ἔλασσεν ἐκ
evil 'in (his) 'soul; who therefore drove (him) from (the)
δήμου, (ἐπεὶ ἦεν πολὺ φέρτερος ᾿Αργείων·
country, (since he-was much (the) best 'of (the) 'Greeks;
γὰρ Ζεὺς ἐδάμασσεν οἱ ὑπὸ σκήπτρῳ.) [160]
for Jupiter had-subjected to-him [them] under (his) sceptre.)
Τῷ δὲ γυνὴ Προίτου, δῖ' Ἄντεια,
With-him indeed (the) wife of-Prœtus, (the) noble Antea,
ἐπεμήνατο μιγήμεναι κρυπταδίῃ φιλότητι· ἀλλὰ
passionate-desired to-be-mixed in-secret love; but
τὸν, ἀγαθὰ φρονέοντα, δαΐφρονα Βελλεροφόντην,
him, (the) good minded, prudent Bellerophon,
οὔ τι πεῖθ᾽, ἡ δὲ ψευσαμένη
she-'could in-no-wise 'persuade, she then-indeed having-uttered-falsehoods
προςηύδα βασιλῆα Προῖτον·
(thus) addressed king Prœtus:
“Τεθναίης, ὦ Προῖτ᾽, ἢ κάκτανε Βελλεροφόντην,
"Mayest-thou-die, O Prœtus, or do-thou-slay Bellerophon,
ὅς ἔθελεν μιγήμεναι φιλότητι μ', [165]
who desired to-be-mixed in-love with-me,
οὐκ ἐθελούσῃ.”
'I not 'being-willing."
Ὡς φάτο· δὲ χόλος λάβεν τὸν ἄνακτα
Thus she-said; but rage possessed him (the) king
οἷον ἄκουσεν· κτεῖναι μέν ῥ᾽ ἀλέεινε,
(when) he-heard such (things); 'he indeed then 'declined to-kill (him),

## p. 267 (#273) ############################################

THE ILIAD OF HOMER - BOOK VI.
267
γὰρ σεβάσσατο τόγε θυμῷ· δὲ πέμπε
for he-scrupled this-at-least 'in (his) 'mind; but he-sent
μιν Λυκίηνδε, δ᾽ ὅγε πόρεν λυγρὰ σήματα,
him into-Lycia, and he gave (him) sad characters,
γράψας ἐν πίνακι πτυκτῷ πολλὰ [170]
having-written on (a) folded (and sealed) tablet many
θυμοφθόρα· δ' ἠνώγει δεῖξαι
deadly (things); and ordered (him) to-show (it) to-his
πενθερῷ, ὄφρ᾽ ἀπόλοιτο. Αὐτὰρ ὁ βῆ Λυκίηνδε
father-in-law, that he-might-perish. But he went into-Lycia
ὑπ' ἀμύμονι πομπῇ θεῶν· ἀλλ᾽ ὅτε
under (the) blameless escort of (the) 'gods; but when
δὴ ἶξε Λυκίην τε ῥέοντα Ξάνθον,
indeed he-had-come to-Lycia and (the) river Xanthus, (the)
ἄναξ εὐρείης Λυκίης τῖεν μιν προφρονέως·
king of-wide Lycia honoured him with-alacrity-and-willing-mind;
ἐννῆμαρ ξείνισσε, καὶ ἐννέα βοῦς ἱέρευσεν· [175]
nine-days did-he-entertain (him), and nine oxen did-he-sacrifice;
ἀλλ᾽ ὅτε δὴ δεκάτη ῥοδοδάκτυλος Ἠὼς
but when truly (the) tenth rosy-fingered Morn
ἐφάνη, καὶ τότε ἐρέεινε μιν, καὶ ἤτεε ἰδέσθαι
appeared, even then he-interrogated him, and asked to-see
σῆμα, ὅ ττι ῥά φέροιτο παρὰ γαμβροῖο
(the) token, whatever indeed he-might-bring from (his) son-in-law
Προίτοιο οἱ. Αὐτὰρ ἐπειδὴ παρεδέξατο
Prœtus to-him. But after he-had-received (the)
κακὸν σῆμα γαμβροῦ, πρῶτον μὲν ῥα ἐκέλευσε
evil token 'of (his) 'son-in-law, first indeed therefore he-ordered
πεφνέμεν ἀμαιμακέτην Χίμαιραν· ἡ δ᾽ [180]
(him) to-slay (the) irresistible Chimera; but she
ἄρ᾽ ἔην θεῖον γένος, οὐδ᾽ ἀνθρώπων,
indeed was (of) divine race, not-indeed of-men,
πρόσθε λέων, ὄπιθεν δὲ δράκων, μέσση δὲ
before (in form a) lion, and behind (a) dragon, but 'in (the) middle (a)
χίμαιρα, ἀποπνείουσα δεινὸν μένος
goat, breathing-forth (the) dreadful strength

## p. 268 (#274) ############################################

THE ILIAD OF HOMER - BOOK VI.
268
αἰθομένοιο πυρὸς. Καὶ μὲν κατέπεφνε τὴν,
of-blazing fire. And indeed he-slew her,
πιθήσας τεράεσσι θεῶν. Δεύτερον αὖ
having-relied 'on (the) 'signs 'of (the) 'gods. Secondly again
μαχέσσατο κυδαλίμοισι Σολύμοισι· [185]
he-fought 'with (the) 'illustrious Solymi; and-certainly
δὴ φάτο τήν γε καρτίστην μάχην
he-said (that) this at-least (was the) fiercest fight
ἀνδρῶν δύμεναι. Τὸ τρίτον αὖ κατέπεφνεν
of-men (that) he-entered-into. Thirdly again he-slew
ἀντιανείρας ᾿Αμαζόνας. Δ᾽ ἄρ᾽ τῷ ἀνερχομένῳ
(the) man-opposing Amazons. But indeed for-him returning
ὕφαινεν ἄλλον πυκινὸν δόλον.
he-wove another shrewd fraud [plot].
Κρίνας ἐκ εὐρείης Λυκίης ἀρίστους
Having-selected out of-wide Lycia (the) principal-and-bravest
φῶτας, εἶσε λόχον· δὲ τοὶ οὔτι νέοντο [190]
men, he-placed (an) ambuscade; but these never returned
πάλιν οἶκόνδε· γὰρ ἀμύμων Βελλεροφόντης
back home; for blameless Bellerophon
κατέπεφνεν πάντας. ᾿Αλλ' ὅτε δὴ
slew (them) all. But when indeed 'he (Iobates)
γίγνωσκε ἐόντα ἠΰν γόνον θεοῦ, κατέρυκε
'knew (him) being (the) brave offspring 'of (a) 'god, he-detained
μιν αὐτοῦ, δ᾽ ὅγε δίδου ἣν θυγατέρα·
him there, and he gave (him) his daughter;
δὲ δῶκε οἱ ἥμισυ πάσης βασιληΐδος [195]
and he-gave to-him (the) half of-all (his) regal
τιμῆς. Καὶ μὲν Λύκιοι τάμον οἱ τέμενος
honour. And indeed (the) Lycians separated for-him (a) piece-of-land
ἔξοχον ἄλλων, καλὸν φυταλιῆς καὶ
excelling others, beautiful (in) plantations and
ἀρούρης, ὄφρα νέμοιτο. Ἡ δ' ἔτεκε
corn-land, that he-might-possess-and-cultivate (it). But she-brought-forth
τρία τέκna δαΐφρονι Βελλεροφόντῃ, Ἴσανδρόν
three children to-warlike Bellerophon, Isandrus

## p. 269 (#275) ############################################

THE ILIAD OF HOMER - BOOK VI.
269
τε, καὶ Ἱππόλοχον, καὶ Λαοδάμειαν. Μητίετα [200]
indeed, and Hippolochus, and Laodamia. Provident
Ζεύς μὲν παρελέξατο Λαοδαμείῃ, ἡ δ᾽
Jove indeed had-clandestine-intercourse with-Laodamia, and she
ἔτεκ᾿ ἀντίθεον χαλκοκορυστήν Σαρπηδόνα.
brought-forth (the) godlike brazen-helmeted Sarpedon.
᾿Αλλ' ὅτε ἤτοι δὴ καὶ κεῖνος ἀπήχθετο
But when now indeed even he [Bellerophon] had-become-hateful
πᾶσι θεοῖσιν, ὁ ἀλᾶτο οἷος
to-all (the) gods, he wandered alone 'through
κατὰ τὸ ᾿Αλήϊον πεδίον, κατέδων ὃν θυμὸν,
the Aleïan 'plain, pining (in) his mind, (and)
ἀλεείνων πάτον ἀνθρώπων. Δ' Ἄρης, ἆτος [205]
avoiding (the) paths of-men. But Mars, insatiable
πολέμοιο, κατέκτανε Ἴσανδρον υἱὸν οἱ μαρνάμενον
of-war, slew Isandrus (the) son to-him fighting
κυδαλίμοισι Σολύμοισι· δὲ χρυσήνιος Ἄρτεμις
(against the) illustrious Solymi; and golden-reined Diana
χολωσαμένη ἔκτα τὴν.
being-enraged slew her (his daughter, Laodamia).
Δὲ Ἱππόλοχος ἔτικτε με, καὶ ἐκ τοῦ
But Hippolochus begat me, and from him
φημὶ γενέσθαι· δὲ πέμπε μ' ἐς Τροίην, καὶ [210]
I-say (that) I-am-born; and he-sent me to Troy, and
ἐπέτελλεν μάλα πόλλ᾽ μοι· αἰὲν ἀριστεύειν,
he-enjoined very many (things) to-me: always to-be-the-bravest,
καὶ ἔμμεναι ὑπείροχον ἄλλων· μηδὲ αἰσχυνέμεν
and to-be superior (to) others; nor to-disgrace
γένος πατέρων· οἳ μέγ᾽ ἄριστοι ἐγένοντο,
(the) race 'of (my) 'fathers; who were by-far (the) bravest
τ' ἐν Ἐφύρῃ καὶ ἐν εὐρείῃ Λυκίῃ·
not-only in Ephyra, but-also in wide Lycia;
ταύτης τοι γενεῆς τε καὶ αἵματος εὔχομαι [215]
from-this indeed race and also (from this) blood I-boast
εἶναι.
to-be.
23

## p. 270 (#276) ############################################

THE ILIAD OF HOMER BOOK VI.
270
Ὡς φάτο· δὲ Διομήδης ἀγαθὸς βοὴν γήθησεν·
Thus he-said; and Diomede brave in-war rejoiced;
ἔγχος μὲν κατέπηξεν ἐπὶ πουλυβοτείρῃ
(his) spear indeed he-fixed-down in (the) all-nourishing
χθονί, αὐτὰρ ὁ μειλιχίοισι προςηύδα ποιμένα
earth, but he in-bland-words addressed (the) shepherd
λαῶν·
'of (the) 'people:
“Ἦ ῥά νύ μοι ἐσσι παλαιός
"Certainly then now you-are to-me (the) ancient
πατρώϊος ξεῖνος· γὰρ δῖος Οἰνεὺς ποτε ξείνισ᾽
paternal guest; for noble Eneus once entertained
ἀμύμονα Βελλεροφόντην ἐνὶ μεγάροισιν, ἐρύξας
blameless Bellerophon in (his) halls, having-detained
ἐείκοσιν ἤματ'· οἱ δὲ καὶ πόρον καλὰ [220]
(him) twenty days; they indeed also gave beautiful
ξεινήϊα ἀλλήλοισι. Οἰνεὺς μὲν δίδου ζωστῆρα
gifts-of-hospitality to-each-other. Eneus indeed gave (a) belt
φαεινὸν φοίνικι, δὲ Βελλεροφόντης χρύσεον
shining with-purple, and Bellerophon (gave a) golden
δέπας ἀμφικύπελλον· καὶ ἐγὼ ἰὼν
cup (being a) double-cup; and I coming (hither)
κατέλειπον μιν ἐν ἐμοῖσι δώμασ᾽· δὲ Τυδέα [225]
left it in my halls; but Tydeus
οὐ μέμνημαι· ἐπεὶ κάλλιπε μ' ἐόντα ἔτι
I-'do not 'remember; since he-left me 'behind, being as-yet
τυτθόν, ὅτε λαὸς ᾿Αχαιῶν ἀπώλετο ἐν
young, when (the) people 'of (the) 'Greeks perished at
Θήβῃσιν. Νῦν μὲν ἐγὼ εἰμί φίλος ξεῖνος
Thebes. Now indeed I am (a) dear guest-friend
σοὶ ἐν μέσσῳ Ἄργεϊ, δὲ σὺ [230]
to-you in this middle Argos, [in the middle of Argos,] but you
ἐν Λυκίῃ, ὅτε κεν ἵκωμαι δῆμον τῶν.
in Lycia, when 'I may 'come 'to (the) country of-them.
Δ᾽ ἀλεώμεθα ἔγχεσι ἀλλήλων καὶ δι'
But let-us-avoid (the) spears of-each other even through (the)

## p. 271 (#277) ############################################

THE ILIAD OF HOMER-BOOK VI.
271
ὁμίλου· γὰρ μὲν πολλοί Τρῶες, τε
crowd; for indeed (there are) for-me many Trojans, and
κλειτοί ἐπίκουροι, ἐμοὶ κτείνειν, ὅν κε θεός γε
illustrious allies, to-kill, whom (a) god at-least may
πόρῃ, καὶ ποσσὶ κιχείω· δ᾽ αὖ [235]
present, and I-may-overtake 'with (my) 'feet; and again (there are)
πολλοὶ ᾿Αχαιοί σοὶ ἐναιρέμεν, ὅν κε δύνηαι·
many Greeks for-you to-kill, whom you-can;
δ᾽ ἐπαμείψομεν τεύχεα ἀλλήλοις· ὄφρα
but let-us-exchange arms with-one-another; in-order-that
καὶ οἵδε γνῶσιν, ὅτι εὐχόμεθ' εἶναι πατρώϊοι
even these may-know, that we-profess to-be ancestral
ξεῖνοι.” [240]
guest-friends."
Ὡς ἄρα φωνήσαντε, ἀΐξαντε καθ' ἵππων,
Thus then having-spoken, leaping-down from (their) horses, [chariots],
χεῖράς τ' ἀλλήλων λαβέτην, καὶ πιστώσαντο·
'they indeed 'took (the) hands of-each-other, and plighted-faith;
ἔνθ᾽ αὖτε Κρονίδης Ζεὺς ἐξέλετο φρένας
then again Saturnian Jove took-away prudence-of-mind
Γλαύκῳ, ὃς ἄμειβε τεύχε' πρὸς Διομήδεα
from-Glaucus, who exchanged arms with Diomede (the)
Τυδείδην, χρύσεα χαλκείων, [245]
son-of-Tydeus, (giving) golden (arms) for-brass,
ἑκατόμβοι᾽ ἐννεαβοίων.
(being the value of a) hundred-beeves for-nine-beeves.
Δ᾽ ὡς Ἕκτωρ ἵκανεν Σκαιάς τε πύλας καὶ
But as Hector arrived both 'at (the) 'Scæan gates and (the)
φηγὸν, ἄλοχοι ἠδὲ θύγατρες ἄρα Τρώων
beech-tree, (the) wives and daughters therefore 'of (the) Trojans
θέον ἀμφὶ μιν, εἰρόμεναι τε παῖδας,
ran about him, inquiring indeed (for their) sons
τε κασιγνήτους τε ἔτας, τε καὶ πόσιας· [250]
and brothers and relatives, and also (their) husbands;
δ' ὁ ἔπειτα ἀνώγει πάσας ἑξείης
and he then ordered all in-succession

## p. 272 (#278) ############################################

THE ILIAD OF HOMER - BOOK VI.
272
εὔχεσθαι θεοῖς· δὲ κήδε᾽ ἐφῆπτο πολλοῖσι.
to-supplicate (the) gods; and as-troubles were-suspended over-many.
᾿Αλλ' ὅτε δὴ ἵκανε περικαλλέα δόμον
But when truly he-had-arrived-at (the) very-beautiful palace
Πριάμοιο, τετυγμένον ξεστῇσ᾽ αἰθούσῃσι· - αὐτὰρ
of-Priam, built with-polished porticoes; - but
ἐν αὐτῷ ἔνεσαν πεντήκοντα θάλαμοι ξεστοῖο [255]
in it were-contained fifty chambers of-polished
λίθοιο, δεδμημένοι πλησίον ἀλλήλων· ἔνθαδε
stone, built near one-another; where
παῖδες Πριάμοιο κοιμῶντο παρὰ μνηστῇς
(the) sons of-Priam slept with (their) wedded
ἀλόχοισι· δ' ἑτέρωθεν ἐναντίον ἔνδοθεν
wives; and 'on (the) 'other-side opposite within (the)
αὐλῆς ἔσαν δώδεκα τέγεοι θάλαμοι κουράων
hall were (the) twelve roofed chambers of (his) 'daughters
ξεστοῖο λίθοιο, δεδμημένοι πλησίον ἀλλήλων· [260]
(made) of-polished stone, built near to-one-another;
ἔνθαδε γαμβροὶ Πριάμοιο κοιμῶντο παρ'
where (the) sons-in-law of-Priam slept with (their)
αἰδοίῃς ἀλόχοισιν· - ἔνθα ἠπιόδωρος
modest wives: - there (his) fond
μήτηρ ἤλυθε οἱ ἐναντίη ἐσάγουσα
mother met him 'in (the) 'opposite (direction, as she) was-going
Λαοδίκην, ἀρίστην εἶδος θυγατρῶν, τ᾽
to-Laodice, (the) most-excellent in-form 'of (her) 'daughters, and
ἄρα φῦ οἱ χειρί, τ᾽ ἔφατ' ἔπος, [265]
then she-clung to-him 'with (her) 'hand, and she-spoke (a) word,
τ᾽ ὀνόμαζεν ἔκ·
and called out: [and said what she had to say, and spoke it aloud:]
“Τέκνον, τίπτε εἰλήλουθας λιπὼν θρασὺν
"O-son, why-then have-you-come leaving (the) daring
πόλεμον; Ἦ δὴ δυςώνυμοι υἱες
battle? Certainly indeed (the) abominable sons

## p. 273 (#279) ############################################

THE ILIAD OF HOMER - BOOK VI.
273
᾿Ἀχαιῶν μάλα τείρουσι, μαρνάμενοι περὶ
of (the) 'Greeks much harass (you), fighting round-about
ἄστυ· δὲ θυμὸς ἀνῆκεν σὲ ἐλθόντ᾽ ἐνθάδε
(the) city; but (your) mind has-urged you coming here
ἀνασχεῖν χεῖρας Διῒ ἐξ ἄκρης πόλιος. [270]
to-uplift (your) hands to-Jove from (the) height of (the) 'city.
᾿Αλλὰ μέν', ὄφρα κε ἐνείκω τοι μελιηδέα
But wait, in-order-that 'I may 'bring you sweet
οἶνον, ὡς πρῶτον σπείσῃς πατρὶ Διῒ καὶ
wine, that first you-may-make-a-libation to-father Jove and
ἄλλοις ἀθανάτοισι· δ᾽ ἔπειτα αὐτὸς
'to (the) 'other immortals; and then you
κ᾿ ὀνήσεαι, αἴ κε πίῃσθα· δὲ κεκμηῶτι [275]
may refresh (yourself), if you will 'drink; and-indeed to-wearied
ἀνδρὶ οἶνος μέγα ἀέξει μένος, ὡς τύνη κέκμηκας
man wine greatly increases strength, as you are-wearied
ἀμύνων σοῖσιν ἔτῃσι.”
defending your kinsmen."
Δὲ τὴν ἔπειτα μέγας κορυθαίολος Ἕκτωρ
But her then (the) great quickly-helmet-moving Hector
ἠμείβετ'· “Ἄειρε μοι μὴ μελίφρονα οἶνον,
answered: "[bring] me not sweet wine,
πότνια μήτηρ, μή μ' ἀπογυιώσῃς, δὲ [280]
venerable mother, lest you-enervate me, and
λάθωμαι μένεος τ' ἀλκῆς. Δ᾽ ἄζομαι ἀνίπτοισιν
I-forget (my) strength and valour. But I-dread with-unwashed
χερσὶ λείβειν αἴθοπα οἶνον Διΐ· οὐδέ πῃ ἔστι,
hands to-pour-out dark-red wine to-Jove; nor is-it by-any-means (lawful for me),
πεπαλαγμένον αἵματι καὶ λύθρῳ, εὐχετάασθαι
stained with-blood and gore, to-offer-vows
κελαινεφέϊ Κρονίωνι. Ἀλλά [285]
'to (the) 'cloud-compelling son-of-Saturn. But
σὺ μὲν ἔρχεο πρὸς νηὸν ᾿Αθηναίης
'do you indeed go to (the) temple of-Minerva
ἀγελείης, σὺν θυέεσσιν, ἀολλίσσασα
(the) pillager with victims, having-assembled (the)

## p. 274 (#280) ############################################

THE ILIAD OF HOMER - BOOK VI.
274
γεραίας· δὲ πέπλον, ὅς τις ἔστιν χαριέστατος
matrons; and (the) robe, which is (the) most-beautiful
ἠδὲ μέγιστος τοι ἐνὶ μεγάρῳ, καὶ πολὺ
and (the) largest to-you in (the) palace, and by-far (the)
φίλτατος τοι αὐτῇ, τὸν θὲς ἐπὶ γούνασιν
most-dear to-you yourself, this place on (the) knees 'of (the)
ἠϋκόμοιο ᾿Αθηναίης, καὶ ὑποσχέσθαι οἱ ἱερευσέμεν
'fair-haired Minerva, and vow to-her to-sacrifice
ἐνὶ νηῷ δυοκαίδεκα βοῦς, ἤνις, ἠκέστας, [290]
in (her) temple twelve heifers, yearlings, (and) ungoaded,
αἴ κ᾿ ἐλεήσῃ ἄστυ, τ' καὶ ἀλόχους, καὶ
if 'she would take-compassion not-only 'on (the) 'city, but-also
νήπια τέκνα Τρώων· αἴ κ᾿ ἀπόσχῃ
'on (the) 'wives, and (the) infant children 'of (the) 'Trojans; if she should 'avert
υἱὸν Τυδέος ἱρῆς Ἰλίου, ἄγριον αἰχμητὴν,
(the) son of-Tydeus from-sacred Ilium, (that) fierce warrior,
κρατερὸν μήστωρα φόβοιο. Ἀλλὰ [295]
(that) powerful contriver of-fear (and flight). But
σὺ μὲν ἔρχευ πρὸς νηὸν ᾿Αθηναίης ἀγελείης·
'do you indeed go to (the) temple of-Minerva (the) pillager;
δ᾽ ἐγὼ μετελεύσομαι Πάριν, ὄφρα καλέσσω,
but I will-go-after Paris, in-order-that I-may-call (him),
αἴ κ᾿ ἐθέλῃσ᾽ ἀκουέμεν εἰπόντος· ὡς
if he may 'be-willing to-hear (me) speaking; that
γαῖα κέ οἱ αὖθι χάνοι· γὰρ Ὀλύμπιος μιν ἔτρεφε
(the) earth might there open for-him; for him (the) Olympian (Jove) has-reared
μέγα πῆμα, Τρωσί, τε μεγαλήτορι [300]
(as a) great evil, not-only 'to (the) 'Trojans, but also 'to (the) 'magnanimous
Πριάμῳ, τε τοῖο παισίν. Εἰ γε ἴδοιμι κεῖνον
Priam, and his children. If at-least I-might-see him
κατελθόντ᾽ εἴσω Ἀΐδος, κεν φαίην φρέν᾽
descending into Hades, 'I might 'say (that my) soul
ἐκλελασθέσθαι ἀτέρπου ὀϊζύος.”
had-forgotten (its) joyless woes."

## p. 275 (#281) ############################################

THE ILIAD OF HOMER-BOOK VI.
275
Ὡς ἔφατο· δ᾽ ἡ μολοῦσα ποτὶ μέγαρ',
Thus he-spoke; and she having-gone to (her) palace,
κέκλετο ἀμφιπόλοισι· αἳ δ᾽ ἄρ᾽ ἀόλλισσαν
gave-orders 'to (her) 'maids; they also therefore assembled
κατὰ ἄστυ γεραιάς. Δ᾽ αὐτὴ κατεβήσατο
through (the) city (the) matrons. But she descended
ἐς κηώεντα θάλαμον, ἔνθ᾽ ἔσαν οἱ παμποίκιλοι
into (her) fragrant chamber, where were to-her [her] all-variegated
πέπλοι, ἔργα Σιδονίων γυναικῶν, [305]
robes, (the) work of-Sidonian women,
τὰς θεοειδὴς ᾿Αλέξανδρος αὐτὸς ἤγαγε
which (the) godlike Alexander himself had-brought
Σιδονίηθεν, ἐπιπλὼς εὐρέα πόντον, τὴν ὁδόν,
from-Sidon, sailing-over (the) broad ocean, (on) that voyage,
ἣν ἀνήγαγεν Ἑλένην εὐπατέρειαν.
(in) which he-carried-off Helen 'of (a) 'very illustrious-sire.
Ἑκάβη ἀειραμένη ἕν᾿ τῶν, ὃς ἦν [310]
Hecuba taking one of-these, which was (the)
κάλλιστος, ποικίλμασιν ἠδὲ μέγιστος, φέρε
most-beautiful, (the) most-variegated (with figures) and (the) largest, brought (it as a)
δῶρον ᾿Αθήνῃ· δ᾽ ἀπέλαμπεν ὡς ἀστὴρ· δ᾽ ἔκειτο
gift to-Minerva; and it-glittered as (a) star; and lay
νείατος ἄλλων. Δ' βῆ ἰέναι,
(the) undermost of (the) others. And she-went to-go,
δὲ πολλαὶ γεραιαί μετεσσεύοντο. [315]
and many matrons hurried-along-with (her).
Δ' αἱ ὅτε ἵκανον νηὸν ᾿Αθήνης ἐν
But indeed when they-arrived 'at (the) 'temple of-Minerva in
ἄκρῃ πόλει, καλλιπάρηος Θεανώ,
(the) high city, [in the lofty citadel,] (the) fair-cheeked Theano,
Κισσηΐς, ἄλοχος ἱπποδάμοιο ᾿Αντήνορος,
(the) daughter-of-Cisseïs, (and) wife of-horse-breaking Antenor,
ὤϊξε θύρας τῇσι· γὰρ Τρῶες [320]
opened (the) gates for-them; for (the) Trojans
ἔθηκαν τὴν ἱέρειαν ᾿Αθηναίης. Δ' αἱ
had-placed her (as) priestess of-Minerva. But indeed

## p. 276 (#282) ############################################

THE ILIAD OF HOMER - BOOK VI.
276
πᾶσαι ὀλολυγῇ ἀνέσχον χεῖρας
all 'with (a) 'loud-voice (supplicating) upraised (their) hands
᾿Αθήνῃ· δ᾽ ἄρα ἡ καλλιπάρηος Θεανὼ ἑλοῦσα
to-Minerva; but therefore she fair-cheeked Theano having-received (the)
πέπλον, θῆκεν ἐπὶ γούνασιν ἠϋκόμοιο
robe, placed (it) on (the) knees 'of (the) 'fair-haired
᾿Αθηναίης· δ᾽ εὐχομένη ἠρᾶτο κούρῃ [325]
Minerva; and making-vows she-prayed 'to (the) 'daughter 'of (the)
μεγάλοιο Διὸς·
'great Jove:
“Πότνι᾿ ᾿Αθηναίη, ἐρυσίπτολι, δῖα
"Venerable Minerva, guardian-of-the-city, divine (one)
θεάων, ἄξον δὴ ἔγχος Διομήδεος,
'of (the) 'goddesses, break now-indeed (the) spear of-Diomede,
ἠδὲ καὶ δὸς αὐτὸν πεσέειν πρηνέα προπάροιθε
and also grant (that) he-may-fall prone before (the)
Σκαιῶν πυλάων· ὄφρα νῦν αὐτίκα ἱερεύσομεν [330]
Scæan gates; in-order-that we-'may now immediately sacrifice
τοι ἐνὶ νηῷ δυοκαίδεκα βοῦς, ἤνις,
to-thee in (your) temple twelve heifers, yearlings,
ἠκέστας, αἴ κ᾿ ἐλεήσῃς ἄστυ τε καὶ
(and) ungoaded, if 'thou wouldst 'pity (the) city and also
ἀλόχους καὶ νήπια τέκνα.”
(our) wives and infant children."
Ὡς ἔφατ᾿ εὐχομένη· δὲ Παλλὰς ᾿Αθήνη
Thus she-spoke praying; but Pallas Minerva
ἀνένευε. Ὡς αἱ μὲν ῥ᾽ εὔχοντο κούρῃ [335]
refused. Thus they indeed then vowed 'to (the) 'daughter
μεγάλοιο Διὸς· δ' Ἕκτωρ βεβήκει πρὸς καλὰ
of-great Jove; but Hector had-gone to (the) beautiful
δώματ' ᾿Αλεξάνδροιο, τά ῥ᾽ αὐτὸς ἔτευξε
abodes of-Alexander, which indeed he-himself constructed
σὺν ἀνδράσιν, οἳ τότ᾽ ἦσαν ἄριστοι
with (the aid of the) men, who then were (the) best
τέκτονες ἄνδρες ἐνὶ ἐριβώλακι Τροίῃ, [340]
wood-working men [artificers] in very-fertile Troy,

## p. 277 (#283) ############################################

THE ILIAD OF HOMER - BOOK VI.
277
οἳ ἐποίησαν οἱ θάλαμον, καὶ δῶμα καὶ
who made for-him (a) chamber, and dwelling and
αὐλὴν, ἐγγύθι τε Πριάμοιο καὶ Ἕκτορος,
hall, near (to the palaces) 'of both 'Priam and Hector,
ἐν ἄκρῃ πόλει. Ἔνθ' Ἕκτωρ φίλος Διῒ εἷς-
on (the) high citadel. There Hector dear to-Jove en-
ἦλθε, δ᾽ ἄρα ἐν χειρὶ ἔχ᾽ ἔγχος ἑνδεκάπηχυ· [345]
tered, and indeed he-had in (his) hand (a) spear (of) eleven-cubits;
δὲ χαλκείη αἰχμὴ δουρὸς λάμπετο
and (the) brazen point 'of (the) 'spear shone
πάροιθε, δὲ χρύσεος πόρκης θέε περί.
in-front, and (a) golden ring ran (round) about (it).
Δὲ τὸν εὗρ᾽ ἐν θαλάμῳ ἕποντα περικαλλέα τεύχε᾽,
But him he-found in (his) chamber preparing (his) very-beautiful arms,
ἁσπίδα, καὶ θώρηκα, καὶ ἁφόωντα [350]
(his) shield, and (his) corselet, and examining (his)
ἀγκύλα τόξα· δ᾽ ᾿Αργείη Ἑλένη ἄρα
curved bow; and Argive Helen then
ἦστο μετὰ δμωῇσι γυναιξὶν, καὶ κέλευε
(as usual) sat among (her) servant women, and assigned
περικλυτὰ ἔργα ἀμφιπόλοισι. Δὲ τὸν Ἕκτωρ
(the) renowned works to-those-busied-about (her). But him Hector
ἰδὼν νείκεσσεν αἰσχροῖς ἐπέεσσι· [355]
seeing reproached with-reproachful words:
“Δαιμόνι', οὐ μὲν καλὰ τόνδε χόλον ἔνθεο
"Strange-man, 'you indeed 'have not well 'placed this rage
θυμῷ. Λαοὶ μὲν φθινύθουσι περὶ
'in (your) 'mind. (The) people indeed are-perishing round
πτόλιν, τε αἰπὺ τεῖχος, μαρνάμενοι· δ'
(the) city, and (the) lofty walls, fighting; and 'on
σέο εἵνεκα πτόλεμός τε ἀϋτή τε ἀμφιδέδηε
your 'account indeed (the) battle and fight blazes-around
τόδ᾽ ἄστυ· δὲ σὺ ἂν μαχέσαιο καὶ ἄλλῳ, [360]
this city; and-indeed you would quarrel even with-another,
εἴ που ἴδοις τινά μεθιέντα στυγεροῦ
if anywhere you-saw any-one relaxing (in) hateful

## p. 278 (#284) ############################################

THE ILIAD OF HOMER - BOOK VI.
278
πολέμοιο. Ἀλλ᾽ ἄνα, μὴ τάχα ἄστυ θέρηται
battle. But arise, lest quickly (the) city be-burned
δηΐοιο πυρὸς.”
with-hostile fire."
Δὲ τὸν θεοειδὴς ᾿Αλέξανδρος αὖτε προςέειπεν·
But him godlike Alexander in-return addressed:
“Ἕκτορ, ἐπεὶ ἐνείκεσας με κατ' αἶσαν, [365]
"Hector, since you-have-reproached me in-accordance-with what-is-fitting,
οὐδ᾽ ὑπὲρ αἶσαν, τούεκα τοι ἐρέω·
nor beyond what-is-fitting, on-this-account (then) I-will-tell you;
δὲ σὺ σύνθεο, καὶ ἄκουσον μευ· ἐγὼ
but 'do you 'attend, and hear me; I
ἥμην ἐν θαλάμῳ, οὔ τοι τόσσον χόλῳ,
was-sitting in (my) chamber, not-indeed so-much from-anger,
οὐδὲ νεμέσσει, Τρώων, δ' ἔθελον [370]
nor indignation, (at the) Trojans, but (because) I-wished
προτραπέσθαι ἄχεϊ. Δὲ νῦν ἄλοχος
to-turn-myself-towards grief [to give way to grief]. But now (my) wife
παρειποῦσα με μαλακοῖς ἐπέεσσιν, ὥρμησ᾽
advising me with-soothing words, urged (me)
ἐς πόλεμον· δὲ ὧδε δοκέει καὶ αὐτῷ μοι
to battle; and this seems even to-me myself
ἔσσεσθαι λώϊον· δὲ νίκη ἐπαμείβεται [375]
to-be-about better; and-indeed victory alternated (from men
ἄνδρας. Ἀλλ᾿ ἄγε νῦν ἐπίμεινον, δύω
to) men. But come now wait, (that I) may-put-on
ἀρήϊα τεύχεα· ἢ ἴθ᾽, ἐγὼ δὲ μέτειμι·
(my) martial arms; or go, I indeed will-follow;
δὲ ὀΐω κιχήσεσθαί σε.”
and I-think to-overtake you."
Ὡς φάτο· δὲ τὸν κορυθαίολος Ἕκτωρ οὔ τι
Thus he-said; but him quickly-helmet-moving Hector 'did not
προςέφη· δὲ τὸν Ἑλένη προςηύδα μειλιχίοισι [380]
'answer; but him Helen addressed with-bland
μύθοισι·
words:

## p. 279 (#285) ############################################

THE ILIAD OF HOMER - BOOK VI.
279
“Δᾶερ ἐμεῖο, κυνὸς κακομηχάνου, ὀκρυοέσσης,
"Brother-in-law of-me, shameless (in) devising-mischief, fearful (wretch),
ὡς ὄφελ' τῷ ἤματι, ὅτε πρῶτον μήτηρ
how thou-oughtest [would that] on-that day, when first (my) mother
τέκε με, κακὴ θύελλα ἀνέμοιο [385]
'brought me 'forth, (that a) bad storm of-wind
προφέρουσα οἴχεσθαι εἰς ὄρος, ἢ εἰς κῦμα
bearing-me-out had-taken (me) into (a) mountain, or into (the) waves
πολυφλοίσβοιο θαλάσσης· ἔνθα κῦμ᾽ ἀπόερσε με,
'of (the) 'much-resounding ocean; where (the) waves would-have-'swept me 'away
πάρος τάδε ἔργά γενέσθαι. Αὐτὰρ ἐπεὶ
before these deeds had-occurred. But since
θεοί γ' ὧδε τεκμήραντο τάδε κακὰ, [390]
(the) gods at-least 'have thus 'decreed these evils,
ὤφελλον ἔπειτ' εἶναι ἄκοιτις ἀμείνονος ἀνδρὸς,
I-ought then (at least) to-be (the) wife 'of (a) 'braver man,
ὅς ῥ' ᾔδη νέμεσίν τε καὶ πόλλ' αἴσχεα
who indeed has-known (and understands the) indignation and also (the) many reproaches
ἀνθρώπων. Δὲ τούτῳ οὔτ᾽ ἄρ᾽ νῦν ἔμπεδοι
of-men. But to-this (man there is) not indeed now (a) firm
φρένες, οὔτ᾽ ἄρ᾽ ὀπίσσω ἔσσονται· τῷ
mind, nor indeed hereafter will-there-be; therefore
καὶ ὀΐω μιν ἐπαυρήσεσθαι. [395]
even I-think (that) he will-'reap (the) 'fruits (thereof).
Ἀλλ᾽ ἄγε νῦν εἴσελθε, καὶ ἕζεο ἐπὶ τῷδε δίφρῳ,
But come now enter, and sit on this seat,
δᾶερ, ἐπεὶ πόνος μάλιστα ἀμφιβέβηκεν
brother-in-law, since labour has greatly 'encompassed
σὲ φρένας, εἵνεκ᾽ ἐμεῖο, κυνὸς,
you, (as respects your) mind, on-account of-me, shameless (one)
καὶ ἕνεκ' ἄτης ᾿Αλεξάνδρου· οἷσιν Ζεὺς
and on-account 'of (the) 'evil-folly of-Alexander; on whom Jove
θῆκε κακὸν μόρον, ὡς καὶ ὀπίσσω [400]
has placed (an) evil lot, that even hereafter

## p. 280 (#286) ############################################

THE ILIAD OF HOMER - BOOK VI.
280
τελώμεθ' ἀοίδιμοι ἐσσομένοισιν ἀνθρώποισι.”
we-should-become (a) subject-of-song to-future men."
Δὲ τὴν ἔπειτα μέγας κορυθαίολος Ἕκτωρ
But her then mighty quickly-helmet-moving Hector
ἠμείβετο· “Μή με κάθιζ', Ἑλένη, περ φιλέουσα·
answered: "Do not (bid) me 'sit, Helen, though-very loving (and courteous);
οὐδέ με πείσεις. Γάρ ἤδη θυμὸς [405]
you-'will not 'persuade me. For now [my mind]
μοι ἐπέσσυται, ὄφρ᾽ ἐπαμύνω Τρώεσσ',
'incites (me) 'on, that I-may-succour (the) Trojans,
οἳ ἔχουσιν μέγα ποθὴν ἐμεῖο ἀπεόντος·
who have great regret (at) my being-absent;
ἀλλὰ σὺ γ᾽ ὄρνυθι τοῦτον, δὲ καὶ αὐτός ἐπειγέσθω,
but 'do you at-least arouse this (Paris), and also 'let him 'hasten,
ὡς κεν καταμάρψῃ μ' ἐόντα ἔντοσθεν πόλιος. [410]
that he may 'overtake me being within (the) city.
Καὶ γὰρ ἐγὼν εἰμι οἶκόνδ', ὄφρ᾽ ἂν ἴδωμαι
For even I will-go home, that 'I may 'see
οἰκῆας, τε φίλην ἄλοχον, καὶ νήπιον υἱόν.
(my) domestics, and (my) dear wife, and infant son.
Γάρ τ' οὐκ οἶδ᾽, εἰ ἔτι αὖτις ἵξομαι ὑπότροπος
For indeed I-know not, if ever again I-shall-come returning
σφιν, ἢ ἤδη θεοὶ δαμόωσιν μ᾽ ὑπὸ [415]
to-them, or-whether now (the) gods will-subdue me by
χερσὶν Ἀχαιῶν.”
(the) hands of (the) 'Greeks."
Ὡς ἄρα φωνήσας κορυθαίολος Ἕκτωρ
Thus therefore having-said (the) quickly-helmet-moving Hector
ἀπέβη. Αἶψα δ' ἔπειθ' ἵκανε εὖ ναιετάοντας
departed. Immediately indeed after he-came 'to (the) 'well situated
δόμους, οὐδ᾽ εὗρε λευκώλενον
palace, nor did-he-find white-armed

